{
  "title": "Weekly RWA Market Recap — Week 18, 2026",
  "week_label": "2026-W18",
  "display_week": "Week 18, 2026",
  "dates_included": [
    "2026-04-27"
  ],
  "summary": "This weekly recap aggregates the UTC snapshots available for 2026-W18. It tracks market value, investor-facing category shifts, concentration, asset-level changes, and rank pressure using the analytics namespace.",
  "headline_metrics": {
    "total_rwa_tvl": 26530475204.098064,
    "top500_rwa_tvl": 26530475204.098064,
    "top500_change_1d_usd": 62852501.1380806,
    "top500_change_1d_pct": 0.23746938606259427,
    "top500_change_7d_usd": -725722872.6919632,
    "top500_change_7d_pct": -2.662597588436044,
    "change_1d_usd": 62852501.1380806,
    "change_1d_pct": 0.23746938606259427,
    "change_7d_usd": -725722872.6919632,
    "change_7d_pct": -2.662597588436044,
    "market_breadth": 0.41975308641975306,
    "protocols_tracked": 141,
    "top3_details": [
      {
        "slug": "tether-gold",
        "name": "Tether Gold",
        "tvl_usd": 3355535203.052394,
        "share_pct": 12.647851865593712,
        "rank_by_tvl": 1
      },
      {
        "slug": "circle-usyc",
        "name": "Circle USYC",
        "tvl_usd": 2903370561.90408,
        "share_pct": 10.943530183943357,
        "rank_by_tvl": 2
      },
      {
        "slug": "blackrock-buidl",
        "name": "BlackRock BUIDL",
        "tvl_usd": 2803635946.060449,
        "share_pct": 10.567605459352578,
        "rank_by_tvl": 3
      }
    ],
    "top4_10_share_pct": 42.650746406746606,
    "near_top10_focus": {
      "name": "Ondo Global Markets",
      "slug": "ondo-global-markets",
      "rank_by_tvl": 11,
      "tvl_usd": 830812864.9363497,
      "gap_to_top10_usd": 37865331.8396312,
      "gap_to_top10_pct": 4.3589596216602295,
      "previous_rank": 11,
      "rank_change": 0
    },
    "biggest_asset_gainer": {
      "name": "xStocks",
      "slug": "xstocks",
      "tvl_usd": 396843736.93604636,
      "change_1d_usd": 28435766.5109514,
      "change_1d_pct": 7.718553558474928,
      "rank_by_tvl": 14,
      "previous_rank": 14,
      "rank_change": 0,
      "analytics_category": "Other RWA"
    },
    "category_leader_24h": {
      "category": "Other RWA",
      "change_1d_usd": 33229198.77053213,
      "change_1d_pct": 1.1453047611268197
    },
    "top3_concentration": 34.15898750888965,
    "top10_concentration": 76.80973391563626,
    "top3_assets": [
      "Tether Gold",
      "Circle USYC",
      "BlackRock BUIDL"
    ],
    "largest_capital_increase_category": "Other RWA",
    "largest_capital_increase_usd": 33229198.77053213,
    "strongest_category_growth": "Other RWA",
    "strongest_category_growth_pct": 1.1453047611268197,
    "largest_asset_tvl_increase": "xStocks",
    "largest_asset_tvl_increase_usd": 28435766.5109514,
    "largest_asset_tvl_decline": "MatrixDock XAUM",
    "largest_asset_tvl_decline_usd": -407406.0004577637,
    "new_entrants": 0,
    "new_top10_entrants": 0,
    "market_regime": "Contraction with moderate concentration."
  },
  "category_shifts": [
    {
      "category": "Funds",
      "tvl_usd": 6075054481.195497,
      "share": 0.2289840055430709,
      "change_1d_usd": 5947807.521357536,
      "change_1d_pct": 0.09800136727136088,
      "change_7d_usd": -107013044.69811249,
      "change_7d_pct": -1.7310235491587278,
      "trend_arrow": "↑"
    },
    {
      "category": "Treasury",
      "tvl_usd": 5965383049.742526,
      "share": 0.22485021485107343,
      "change_1d_usd": 15501468.7820158,
      "change_1d_pct": 0.2605340723354832,
      "change_7d_usd": -58115943.5527277,
      "change_7d_pct": -0.9648203414230894,
      "trend_arrow": "↑"
    },
    {
      "category": "Commodities",
      "tvl_usd": 5734544296.809997,
      "share": 0.21614932460479272,
      "change_1d_usd": 7456179.027568817,
      "change_1d_pct": 0.13019144937578275,
      "change_7d_usd": -144029819.43013096,
      "change_7d_pct": -2.450080862844528,
      "trend_arrow": "↑"
    },
    {
      "category": "Stablecoins",
      "tvl_usd": 3593608417.5022173,
      "share": 0.13545209386023835,
      "change_1d_usd": 382341.8435587883,
      "change_1d_pct": 0.010640628658142859,
      "change_7d_usd": -279906198.14038515,
      "change_7d_pct": -7.226155724571848,
      "trend_arrow": "↑"
    },
    {
      "category": "Other RWA",
      "tvl_usd": 2934570387.454608,
      "share": 0.1106113013385194,
      "change_1d_usd": 33229198.77053213,
      "change_1d_pct": 1.1453047611268197,
      "change_7d_usd": -38583917.1580987,
      "change_7d_pct": -1.2977435142951577,
      "trend_arrow": "↑"
    },
    {
      "category": "Private Credit",
      "tvl_usd": 2053405095.623186,
      "share": 0.07739797647145062,
      "change_1d_usd": 318302.23641490936,
      "change_1d_pct": 0.015503593780841207,
      "change_7d_usd": -98073668.08587551,
      "change_7d_pct": -4.558430682197412,
      "trend_arrow": "↑"
    },
    {
      "category": "Real Estate",
      "tvl_usd": 173909475.77003118,
      "share": 0.006555083330854475,
      "change_1d_usd": 17202.956629544497,
      "change_1d_pct": 0.009892881581929913,
      "change_7d_usd": -281.6266401410103,
      "change_7d_pct": -0.00016193837790723364,
      "trend_arrow": "↑"
    }
  ],
  "concentration_change": {
    "top3_concentration_pct": 34.15898750888965,
    "top10_concentration_pct": 76.80973391563626
  },
  "largest_asset_change": {
    "largest_increase": [
      {
        "name": "xStocks",
        "slug": "xstocks",
        "analytics_category": "Other RWA",
        "tvl_usd": 396843736.93604636,
        "change_1d_usd": 28435766.5109514,
        "change_1d_pct": 7.718553558474928
      },
      {
        "name": "Superstate USTB",
        "slug": "superstate-ustb",
        "analytics_category": "Treasury",
        "tvl_usd": 906716511.712207,
        "change_1d_usd": 9184273.041178703,
        "change_1d_pct": 1.0232805737182105
      },
      {
        "name": "Tether Gold",
        "slug": "tether-gold",
        "analytics_category": "Commodities",
        "tvl_usd": 3355535203.052394,
        "change_1d_usd": 7404973.261765957,
        "change_1d_pct": 0.22116742042703752
      },
      {
        "name": "Ondo Global Markets",
        "slug": "ondo-global-markets",
        "analytics_category": "Treasury",
        "tvl_usd": 830812864.9363497,
        "change_1d_usd": 6161102.105665207,
        "change_1d_pct": 0.7471156169625681
      },
      {
        "name": "Ondo Yield Assets",
        "slug": "ondo-yield-assets",
        "analytics_category": "Funds",
        "tvl_usd": 2735992780.352511,
        "change_1d_usd": 6048363.395942211,
        "change_1d_pct": 0.22155628365083668
      }
    ],
    "largest_decline": [
      {
        "name": "MatrixDock XAUM",
        "slug": "matrixdock-xaum",
        "analytics_category": "Commodities",
        "tvl_usd": 73671386.73502131,
        "change_1d_usd": -407406.0004577637,
        "change_1d_pct": -0.5499630669097533
      },
      {
        "name": "Hastra",
        "slug": "hastra",
        "analytics_category": "Other RWA",
        "tvl_usd": 335898395.8787366,
        "change_1d_usd": -294746.88133847713,
        "change_1d_pct": -0.08767188971157136
      },
      {
        "name": "Frax USD",
        "slug": "frax-usd",
        "analytics_category": "Other RWA",
        "tvl_usd": 83567073.19371484,
        "change_1d_usd": -107268.94787460566,
        "change_1d_pct": -0.12819813712200423
      },
      {
        "name": "stUSDT",
        "slug": "stusdt",
        "analytics_category": "Other RWA",
        "tvl_usd": 62786907.734016575,
        "change_1d_usd": -21037.42982287705,
        "change_1d_pct": -0.03349485446147993
      },
      {
        "name": "Sky RWA",
        "slug": "sky-rwa",
        "analytics_category": "Other RWA",
        "tvl_usd": 94430679.58781855,
        "change_1d_usd": -12349.840378388762,