{
  "title": "Weekly RWA Market Recap — Week 25, 2026",
  "week_label": "2026-W25",
  "display_week": "Week 25, 2026",
  "dates_included": [
    "2026-06-15"
  ],
  "summary": "This weekly recap aggregates the UTC snapshots available for 2026-W25. It tracks market value, investor-facing category shifts, concentration, asset-level changes, and rank pressure using the analytics namespace.",
  "headline_metrics": {
    "total_rwa_tvl": 26020753287.58507,
    "top500_rwa_tvl": 26020753287.58507,
    "top500_change_1d_usd": 133238240.27549744,
    "top500_change_1d_pct": 0.5146814595066607,
    "top500_change_7d_usd": 471831138.9707222,
    "top500_change_7d_pct": 1.8467751250958786,
    "change_1d_usd": 133238240.2754973,
    "change_1d_pct": 0.5146814595066529,
    "change_7d_usd": 471831138.97071683,
    "change_7d_pct": 1.8467751250958613,
    "market_breadth": 0.5822784810126582,
    "protocols_tracked": 149,
    "top3_details": [
      {
        "slug": "tether-gold",
        "name": "Tether Gold",
        "tvl_usd": 3071745102.5141635,
        "share_pct": 11.804981464467224,
        "rank_by_tvl": 1
      },
      {
        "slug": "blackrock-buidl",
        "name": "BlackRock BUIDL",
        "tvl_usd": 3025912949.0204487,
        "share_pct": 11.628844544113031,
        "rank_by_tvl": 2
      },
      {
        "slug": "circle-usyc",
        "name": "Circle USYC",
        "tvl_usd": 3011968984.2793107,
        "share_pct": 11.57525668450333,
        "rank_by_tvl": 3
      }
    ],
    "top4_10_share_pct": 39.73793247999736,
    "near_top10_focus": {
      "name": "Anemoy Capital",
      "slug": "anemoy-capital",
      "rank_by_tvl": 11,
      "tvl_usd": 865713320.7449086,
      "gap_to_top10_usd": 50097220.996789336,
      "gap_to_top10_pct": 5.470260355544054,
      "previous_rank": 11,
      "rank_change": 0
    },
    "biggest_asset_gainer": {
      "name": "Tether Gold",
      "slug": "tether-gold",
      "tvl_usd": 3071745102.5141635,
      "change_1d_usd": 66620581.589027405,
      "change_1d_pct": 2.2168992041806668,
      "rank_by_tvl": 1,
      "previous_rank": 3,
      "rank_change": 2,
      "analytics_category": "Commodities"
    },
    "category_leader_24h": {
      "category": "Commodities",
      "change_1d_usd": 111629705.32140006,
      "change_1d_pct": 2.225247516622398
    },
    "top3_concentration": 35.009082693083585,
    "top10_concentration": 74.74701517308094,
    "top3_assets": [
      "Tether Gold",
      "BlackRock BUIDL",
      "Circle USYC"
    ],
    "largest_capital_increase_category": "Commodities",
    "largest_capital_increase_usd": 111629705.32140006,
    "strongest_category_growth": "Commodities",
    "strongest_category_growth_pct": 2.225247516622398,
    "largest_asset_tvl_increase": "Tether Gold",
    "largest_asset_tvl_increase_usd": 66620581.589027405,
    "largest_asset_tvl_decline": "Spiko",
    "largest_asset_tvl_decline_usd": -20584042.504669428,
    "new_entrants": 0,
    "new_top10_entrants": 0,
    "market_regime": "Expansion with moderate concentration.",
    "change_1d_usd_raw": 133238240.27549744,
    "change_1d_pct_raw": 0.5146814595066607,
    "change_7d_usd_raw": 471831138.9707222,
    "change_7d_pct_raw": 1.8467751250958786,
    "flow_basis": "adjusted (coverage artifacts excluded)",
    "coverage_flags": []
  },
  "category_shifts": [
    {
      "category": "Treasury",
      "tvl_usd": 6283151143.656278,
      "share": 0.2414669196627014,
      "change_1d_usd": 8487671.446825437,
      "change_1d_pct": 0.13526895082768053,
      "change_7d_usd": 162943014.52352524,
      "change_7d_pct": 2.6623770153812565,
      "trend_arrow": "↑"
    },
    {
      "category": "Funds",
      "tvl_usd": 5537085780.330125,
      "share": 0.2127949840319173,
      "change_1d_usd": -714115.6486689989,
      "change_1d_pct": -0.012895295281209874,
      "change_7d_usd": -88998897.29293633,
      "change_7d_pct": -1.581897578735647,
      "trend_arrow": "↓"
    },
    {
      "category": "Commodities",
      "tvl_usd": 5128137059.561154,
      "share": 0.1970787318447031,
      "change_1d_usd": 111629705.32140006,
      "change_1d_pct": 2.225247516622398,
      "change_7d_usd": 919067.8902702332,
      "change_7d_pct": 0.01792527432544766,
      "trend_arrow": "↑"
    },
    {
      "category": "Stablecoins",
      "tvl_usd": 4022854409.266662,
      "share": 0.1546017659368083,
      "change_1d_usd": -415485.56784817576,
      "change_1d_pct": -0.010327061785778255,
      "change_7d_usd": 90920625.69904613,
      "change_7d_pct": 2.312364111497067,
      "trend_arrow": "↓"
    },
    {
      "category": "Other RWA",
      "tvl_usd": 3079399581.8504915,
      "share": 0.11834398288998511,
      "change_1d_usd": 13312263.006567184,
      "change_1d_pct": 0.43417755667789026,
      "change_7d_usd": 49526082.40162754,
      "change_7d_pct": 1.6345924148528423,
      "trend_arrow": "↑"
    },
    {
      "category": "Private Credit",
      "tvl_usd": 1796253900.271015,
      "share": 0.06903158722649422,
      "change_1d_usd": 957107.1133507529,
      "change_1d_pct": 0.05331191572326834,
      "change_7d_usd": 256527231.8803196,
      "change_7d_pct": 16.660569511888678,
      "trend_arrow": "↑"
    },
    {
      "category": "Real Estate",
      "tvl_usd": 173871412.64934367,
      "share": 0.0066820284073905185,
      "change_1d_usd": -18905.39612895879,
      "change_1d_pct": -0.010872023434918898,
      "change_7d_usd": -5986.131136804819,
      "change_7d_pct": -0.0034427310155238366,
      "trend_arrow": "↓"
    }
  ],
  "concentration_change": {
    "top3_concentration_pct": 35.009082693083585,
    "top10_concentration_pct": 74.74701517308094
  },
  "largest_asset_change": {
    "largest_increase": [
      {
        "name": "Tether Gold",
        "slug": "tether-gold",
        "analytics_category": "Commodities",
        "tvl_usd": 3071745102.5141635,
        "change_1d_usd": 66620581.589027405,
        "change_1d_pct": 2.2168992041806668
      },
      {
        "name": "Paxos Gold",
        "slug": "paxos-gold",
        "analytics_category": "Commodities",
        "tvl_usd": 1973002385.9386897,
        "change_1d_usd": 43286646.22252917,
        "change_1d_pct": 2.243161794850468
      },
      {
        "name": "Ondo Global Markets",
        "slug": "ondo-global-markets",
        "analytics_category": "Treasury",
        "tvl_usd": 1083341670.8379817,
        "change_1d_usd": 24380987.397405624,
        "change_1d_pct": 2.3023505762453267
      },
      {
        "name": "xStocks",
        "slug": "xstocks",
        "analytics_category": "Other RWA",
        "tvl_usd": 510460928.1772806,
        "change_1d_usd": 9069416.603959203,
        "change_1d_pct": 1.808849251456257
      },
      {
        "name": "Invesco USTB",
        "slug": "invesco-ustb",
        "analytics_category": "Treasury",
        "tvl_usd": 759419580.3339849,
        "change_1d_usd": 4987859.041897774,
        "change_1d_pct": 0.6611412141254158
      }
    ],
    "largest_decline": [
      {
        "name": "Spiko",
        "slug": "spiko",
        "analytics_category": "Treasury",
        "tvl_usd": 1131392355.2309062,
        "change_1d_usd": -20584042.504669428,
        "change_1d_pct": -1.786845854232011
      },
      {
        "name": "Ondo Yield Assets",
        "slug": "ondo-yield-assets",
        "analytics_category": "Funds",
        "tvl_usd": 2628141149.7980075,
        "change_1d_usd": -1085704.7905950546,
        "change_1d_pct": -0.04129369014698181
      },
      {
        "name": "Re",
        "slug": "re",
        "analytics_category": "Other RWA",
        "tvl_usd": 255702658.9021362,
        "change_1d_usd": -565686.1692984998,
        "change_1d_pct": -0.22073977538693557
      },
      {
        "name": "Ethena USDtb",
        "slug": "ethena-usdtb",
        "analytics_category": "Stablecoins",
        "tvl_usd": 915810541.7416979,
        "change_1d_usd": -410070.27239358425,