{
  "total_rwa_tvl": 26924595665.162586,
  "top500_rwa_tvl": 26924595665.162586,
  "top500_change_1d_usd": 103336738.96463776,
  "top500_change_1d_pct": 0.3852792266350491,
  "top500_change_7d_usd": 364618351.593277,
  "top500_change_7d_pct": 1.372811231307014,
  "change_1d_usd": 103336738.96463776,
  "change_1d_pct": 0.3852792266350491,
  "change_7d_usd": 364618351.593277,
  "change_7d_pct": 1.372811231307014,
  "market_breadth": 0.4578313253012048,
  "protocols_tracked": 144,
  "top3_details": [
    {
      "slug": "tether-gold",
      "name": "Tether Gold",
      "tvl_usd": 3346027541.294165,
      "share_pct": 12.427401261306779,
      "rank_by_tvl": 1
    },
    {
      "slug": "circle-usyc",
      "name": "Circle USYC",
      "tvl_usd": 2981481758.2921486,
      "share_pct": 11.073450444233977,
      "rank_by_tvl": 2
    },
    {
      "slug": "blackrock-buidl",
      "name": "BlackRock BUIDL",
      "tvl_usd": 2842011124.570449,
      "share_pct": 10.555445882694139,
      "rank_by_tvl": 3
    }
  ],
  "top4_10_share_pct": 40.38996695410985,
  "near_top10_focus": {
    "name": "Blockchain Capital",
    "slug": "blockchain-capital",
    "rank_by_tvl": 11,
    "tvl_usd": 964699191.57,
    "gap_to_top10_usd": 10009298.37295103,
    "gap_to_top10_pct": 1.0269017327977585,
    "previous_rank": 11,
    "rank_change": 0
  },
  "biggest_asset_gainer": {
    "name": "Ethena USDtb",
    "slug": "ethena-usdtb",
    "tvl_usd": 813098832.7763393,
    "change_1d_usd": 186128576.18727934,
    "change_1d_pct": 29.686986620367705,
    "rank_by_tvl": 13,
    "previous_rank": 13,
    "rank_change": 0,
    "analytics_category": "Stablecoins"
  },
  "category_leader_24h": {
    "category": "Stablecoins",
    "change_1d_usd": 186374006.49487305,
    "change_1d_pct": 5.026948830390698
  },
  "top3_concentration": 34.05629758823489,
  "top10_concentration": 74.44626454234474,
  "top3_assets": [
    "Tether Gold",
    "Circle USYC",
    "BlackRock BUIDL"
  ],
  "largest_capital_increase_category": "Stablecoins",
  "largest_capital_increase_usd": 186374006.49487305,
  "strongest_category_growth": "Stablecoins",
  "strongest_category_growth_pct": 5.026948830390698,
  "largest_asset_tvl_increase": "Ethena USDtb",
  "largest_asset_tvl_increase_usd": 186128576.18727934,
  "largest_asset_tvl_decline": "BlackRock BUIDL",
  "largest_asset_tvl_decline_usd": -103610629.39999962,
  "new_entrants": 1,
  "new_top10_entrants": 0,
  "market_regime": "Expansion with moderate concentration."
}