{
  "total_rwa_tvl": 26232984417.234035,
  "top500_rwa_tvl": 26232984417.234035,
  "top500_change_1d_usd": 121945029.28539658,
  "top500_change_1d_pct": 0.4670247992566656,
  "top500_change_7d_usd": -256012731.42046356,
  "top500_change_7d_pct": -0.9664870662476788,
  "change_1d_usd": 121945029.28539658,
  "change_1d_pct": 0.4670247992566656,
  "change_7d_usd": -256012731.42046356,
  "change_7d_pct": -0.9664870662476788,
  "market_breadth": 0.4939759036144578,
  "protocols_tracked": 142,
  "top3_details": [
    {
      "slug": "tether-gold",
      "name": "Tether Gold",
      "tvl_usd": 3283117616.193831,
      "share_pct": 12.515227257318662,
      "rank_by_tvl": 1
    },
    {
      "slug": "circle-usyc",
      "name": "Circle USYC",
      "tvl_usd": 2906101493.349166,
      "share_pct": 11.07804376020584,
      "rank_by_tvl": 2
    },
    {
      "slug": "blackrock-buidl",
      "name": "BlackRock BUIDL",
      "tvl_usd": 2822608252.750449,
      "share_pct": 10.759767961803487,
      "rank_by_tvl": 3
    }
  ],
  "top4_10_share_pct": 42.04025345664214,
  "near_top10_focus": {
    "name": "Ondo Global Markets",
    "slug": "ondo-global-markets",
    "rank_by_tvl": 11,
    "tvl_usd": 827375320.136813,
    "gap_to_top10_usd": 136230418.11318696,
    "gap_to_top10_pct": 14.137568167723286,
    "previous_rank": 12,
    "rank_change": 1
  },
  "biggest_asset_gainer": {
    "name": "WisdomTree",
    "slug": "wisdomtree",
    "tvl_usd": 989144721.7443153,
    "change_1d_usd": 101236781.17700267,
    "change_1d_pct": 11.401720443261176,
    "rank_by_tvl": 9,
    "previous_rank": 10,
    "rank_change": 1,
    "analytics_category": "Funds"
  },
  "category_leader_24h": {
    "category": "Funds",
    "change_1d_usd": 109268563.43981266,
    "change_1d_pct": 1.7847595541985006
  },
  "top3_concentration": 34.35303897932799,
  "top10_concentration": 76.39329243597012,
  "top3_assets": [
    "Tether Gold",
    "Circle USYC",
    "BlackRock BUIDL"
  ],
  "largest_capital_increase_category": "Funds",
  "largest_capital_increase_usd": 109268563.43981266,
  "strongest_category_growth": "Funds",
  "strongest_category_growth_pct": 1.7847595541985006,
  "largest_asset_tvl_increase": "WisdomTree",
  "largest_asset_tvl_increase_usd": 101236781.17700267,
  "largest_asset_tvl_decline": "KAIO",
  "largest_asset_tvl_decline_usd": -19737560.793186545,
  "new_entrants": 0,
  "new_top10_entrants": 0,
  "market_regime": "Contraction with moderate concentration."
}