{
  "total_rwa_tvl": 26490964300.5812,
  "top500_rwa_tvl": 26490964300.5812,
  "top500_change_1d_usd": 56536149.85401535,
  "top500_change_1d_pct": 0.21387317150063367,
  "top500_change_7d_usd": 1244347247.5412216,
  "top500_change_7d_pct": 4.928768258048222,
  "change_1d_usd": 56536149.85401535,
  "change_1d_pct": 0.21387317150063367,
  "change_7d_usd": 1244347247.5412216,
  "change_7d_pct": 4.928768258048222,
  "market_breadth": 0.5903614457831325,
  "protocols_tracked": 140,
  "top3_details": [
    {
      "slug": "tether-gold",
      "name": "Tether Gold",
      "tvl_usd": 3351565233.4802427,
      "share_pct": 12.651729833053722,
      "rank_by_tvl": 1
    },
    {
      "slug": "blackrock-buidl",
      "name": "BlackRock BUIDL",
      "tvl_usd": 2958395342.4804487,
      "share_pct": 11.167563811240887,
      "rank_by_tvl": 2
    },
    {
      "slug": "ondo-yield-assets",
      "name": "Ondo Yield Assets",
      "tvl_usd": 2788979321.851222,
      "share_pct": 10.528040014723183,
      "rank_by_tvl": 3
    }
  ],
  "top4_10_share_pct": 41.63521058945406,
  "near_top10_focus": {
    "name": "Blockchain Capital",
    "slug": "blockchain-capital",
    "rank_by_tvl": 11,
    "tvl_usd": 756851939.66,
    "gap_to_top10_usd": 105227227.27858162,
    "gap_to_top10_pct": 12.206213920267311,
    "previous_rank": 12,
    "rank_change": 1
  },
  "biggest_asset_gainer": {
    "name": "Centrifuge Protocol",
    "slug": "centrifuge-protocol",
    "tvl_usd": 1765436564.3563652,
    "change_1d_usd": 60376321.415328026,
    "change_1d_pct": 3.541008106035348,
    "rank_by_tvl": 6,
    "previous_rank": 6,
    "rank_change": 0,
    "analytics_category": "Private Credit"
  },
  "category_leader_24h": {
    "category": "Private Credit",
    "change_1d_usd": 61687132.96585727,
    "change_1d_pct": 3.2981165027131665
  },
  "top3_concentration": 34.347333659017785,
  "top10_concentration": 75.98254424847185,
  "top3_assets": [
    "Tether Gold",
    "BlackRock BUIDL",
    "Ondo Yield Assets"
  ],
  "largest_capital_increase_category": "Private Credit",
  "largest_capital_increase_usd": 61687132.96585727,
  "strongest_category_growth": "Private Credit",
  "strongest_category_growth_pct": 3.2981165027131665,
  "largest_asset_tvl_increase": "Centrifuge Protocol",
  "largest_asset_tvl_increase_usd": 60376321.415328026,
  "largest_asset_tvl_decline": "Tether Gold",
  "largest_asset_tvl_decline_usd": -41860910.68151665,
  "new_entrants": 0,
  "new_top10_entrants": 0,
  "market_regime": "Expansion with moderate concentration."
}