{
  "total_rwa_tvl": 26359394583.704834,
  "top500_rwa_tvl": 26359394583.704834,
  "top500_change_1d_usd": 215555872.13028336,
  "top500_change_1d_pct": 0.8244997014721145,
  "top500_change_7d_usd": 143602679.30683517,
  "top500_change_7d_pct": 0.5477716630896134,
  "change_1d_usd": 215555872.13028336,
  "change_1d_pct": 0.8244997014721145,
  "change_7d_usd": 143602679.30683517,
  "change_7d_pct": 0.5477716630896134,
  "market_breadth": 0.5555555555555556,
  "protocols_tracked": 142,
  "top3_details": [
    {
      "slug": "tether-gold",
      "name": "Tether Gold",
      "tvl_usd": 3304873764.63876,
      "share_pct": 12.537745334567763,
      "rank_by_tvl": 1
    },
    {
      "slug": "blackrock-buidl",
      "name": "BlackRock BUIDL",
      "tvl_usd": 2921225590.7004485,
      "share_pct": 11.082293948080002,
      "rank_by_tvl": 2
    },
    {
      "slug": "circle-usyc",
      "name": "Circle USYC",
      "tvl_usd": 2917218796.574608,
      "share_pct": 11.067093317757795,
      "rank_by_tvl": 3
    }
  ],
  "top4_10_share_pct": 41.16718862011594,
  "near_top10_focus": {
    "name": "Ondo Global Markets",
    "slug": "ondo-global-markets",
    "rank_by_tvl": 11,
    "tvl_usd": 881498841.7834435,
    "gap_to_top10_usd": 82289138.68655646,
    "gap_to_top10_pct": 8.538095551516156,
    "previous_rank": 11,
    "rank_change": 0
  },
  "biggest_asset_gainer": {
    "name": "BlackRock BUIDL",
    "slug": "blackrock-buidl",
    "tvl_usd": 2921225590.7004485,
    "change_1d_usd": 97966182.11999989,
    "change_1d_pct": 3.4699674362993704,
    "rank_by_tvl": 2,
    "previous_rank": 3,
    "rank_change": 1,
    "analytics_category": "Treasury"
  },
  "category_leader_24h": {
    "category": "Treasury",
    "change_1d_usd": 128883808.59128189,
    "change_1d_pct": 2.1866028298755946
  },
  "top3_concentration": 34.687132600405555,
  "top10_concentration": 75.8543212205215,
  "top3_assets": [
    "Tether Gold",
    "BlackRock BUIDL",
    "Circle USYC"
  ],
  "largest_capital_increase_category": "Treasury",
  "largest_capital_increase_usd": 128883808.59128189,
  "strongest_category_growth": "Treasury",
  "strongest_category_growth_pct": 2.1866028298755946,
  "largest_asset_tvl_increase": "BlackRock BUIDL",
  "largest_asset_tvl_increase_usd": 97966182.11999989,
  "largest_asset_tvl_decline": "Anemoy Capital",
  "largest_asset_tvl_decline_usd": -49878893.623604536,
  "new_entrants": 0,
  "new_top10_entrants": 0,
  "market_regime": "Expansion with moderate concentration."
}