{
  "total_rwa_tvl": 25746539152.678646,
  "top500_rwa_tvl": 25746539152.678646,
  "top500_change_1d_usd": 197617004.06429672,
  "top500_change_1d_pct": 0.7734847008996626,
  "top500_change_7d_usd": -554731745.2216492,
  "top500_change_7d_pct": -2.109144259131357,
  "change_1d_usd": 197617004.06429672,
  "change_1d_pct": 0.7734847008996626,
  "change_7d_usd": -554731745.2216492,
  "change_7d_pct": -2.109144259131357,
  "market_breadth": 0.43209876543209874,
  "protocols_tracked": 149,
  "top3_details": [
    {
      "slug": "tether-gold",
      "name": "Tether Gold",
      "tvl_usd": 3076279876.564501,
      "share_pct": 11.948323843923106,
      "rank_by_tvl": 1
    },
    {
      "slug": "blackrock-buidl",
      "name": "BlackRock BUIDL",
      "tvl_usd": 3015959335.4504495,
      "share_pct": 11.714037826853602,
      "rank_by_tvl": 2
    },
    {
      "slug": "circle-usyc",
      "name": "Circle USYC",
      "tvl_usd": 2909682603.922152,
      "share_pct": 11.301257177392058,
      "rank_by_tvl": 3
    }
  ],
  "top4_10_share_pct": 39.73259065498009,
  "near_top10_focus": {
    "name": "WisdomTree",
    "slug": "wisdomtree",
    "rank_by_tvl": 11,
    "tvl_usd": 892737755.743146,
    "gap_to_top10_usd": 81893636.816854,
    "gap_to_top10_pct": 8.402524014925211,
    "previous_rank": 11,
    "rank_change": 0
  },
  "biggest_asset_gainer": {
    "name": "Circle USYC",
    "slug": "circle-usyc",
    "tvl_usd": 2909682603.922152,
    "change_1d_usd": 80816422.53925896,
    "change_1d_pct": 2.8568485519435916,
    "rank_by_tvl": 3,
    "previous_rank": 3,
    "rank_change": 0,
    "analytics_category": "Stablecoins"
  },
  "category_leader_24h": {
    "category": "Stablecoins",
    "change_1d_usd": 81930332.50718784,
    "change_1d_pct": 2.0837159783715586
  },
  "top3_concentration": 34.963618848168764,
  "top10_concentration": 74.69620950314886,
  "top3_assets": [
    "Tether Gold",
    "BlackRock BUIDL",
    "Circle USYC"
  ],
  "largest_capital_increase_category": "Stablecoins",
  "largest_capital_increase_usd": 81930332.50718784,
  "strongest_category_growth": "Stablecoins",
  "strongest_category_growth_pct": 2.0837159783715586,
  "largest_asset_tvl_increase": "Circle USYC",
  "largest_asset_tvl_increase_usd": 80816422.53925896,
  "largest_asset_tvl_decline": "Invesco USTB",
  "largest_asset_tvl_decline_usd": -25794598.52835846,
  "new_entrants": 0,
  "new_top10_entrants": 0,
  "market_regime": "Contraction with moderate concentration."
}