{
  "total_rwa_tvl": 26020753287.58507,
  "top500_rwa_tvl": 26020753287.58507,
  "top500_change_1d_usd": 133238240.27549744,
  "top500_change_1d_pct": 0.5146814595066607,
  "top500_change_7d_usd": 471831138.9707222,
  "top500_change_7d_pct": 1.8467751250958786,
  "change_1d_usd": 133238240.2754973,
  "change_1d_pct": 0.5146814595066529,
  "change_7d_usd": 471831138.97071683,
  "change_7d_pct": 1.8467751250958613,
  "market_breadth": 0.5822784810126582,
  "protocols_tracked": 149,
  "top3_details": [
    {
      "slug": "tether-gold",
      "name": "Tether Gold",
      "tvl_usd": 3071745102.5141635,
      "share_pct": 11.804981464467224,
      "rank_by_tvl": 1
    },
    {
      "slug": "blackrock-buidl",
      "name": "BlackRock BUIDL",
      "tvl_usd": 3025912949.0204487,
      "share_pct": 11.628844544113031,
      "rank_by_tvl": 2
    },
    {
      "slug": "circle-usyc",
      "name": "Circle USYC",
      "tvl_usd": 3011968984.2793107,
      "share_pct": 11.57525668450333,
      "rank_by_tvl": 3
    }
  ],
  "top4_10_share_pct": 39.73793247999736,
  "near_top10_focus": {
    "name": "Anemoy Capital",
    "slug": "anemoy-capital",
    "rank_by_tvl": 11,
    "tvl_usd": 865713320.7449086,
    "gap_to_top10_usd": 50097220.996789336,
    "gap_to_top10_pct": 5.470260355544054,
    "previous_rank": 11,
    "rank_change": 0
  },
  "biggest_asset_gainer": {
    "name": "Tether Gold",
    "slug": "tether-gold",
    "tvl_usd": 3071745102.5141635,
    "change_1d_usd": 66620581.589027405,
    "change_1d_pct": 2.2168992041806668,
    "rank_by_tvl": 1,
    "previous_rank": 3,
    "rank_change": 2,
    "analytics_category": "Commodities"
  },
  "category_leader_24h": {
    "category": "Commodities",
    "change_1d_usd": 111629705.32140006,
    "change_1d_pct": 2.225247516622398
  },
  "top3_concentration": 35.009082693083585,
  "top10_concentration": 74.74701517308094,
  "top3_assets": [
    "Tether Gold",
    "BlackRock BUIDL",
    "Circle USYC"
  ],
  "largest_capital_increase_category": "Commodities",
  "largest_capital_increase_usd": 111629705.32140006,
  "strongest_category_growth": "Commodities",
  "strongest_category_growth_pct": 2.225247516622398,
  "largest_asset_tvl_increase": "Tether Gold",
  "largest_asset_tvl_increase_usd": 66620581.589027405,
  "largest_asset_tvl_decline": "Spiko",
  "largest_asset_tvl_decline_usd": -20584042.504669428,
  "new_entrants": 0,
  "new_top10_entrants": 0,
  "market_regime": "Expansion with moderate concentration.",
  "change_1d_usd_raw": 133238240.27549744,
  "change_1d_pct_raw": 0.5146814595066607,
  "change_7d_usd_raw": 471831138.9707222,
  "change_7d_pct_raw": 1.8467751250958786,
  "flow_basis": "adjusted (coverage artifacts excluded)",
  "coverage_flags": []
}