{
  "total_rwa_tvl": 26301270897.900295,
  "top500_rwa_tvl": 26301270897.900295,
  "top500_change_1d_usd": -238283257.5109558,
  "top500_change_1d_pct": -0.8978419762276646,
  "top500_change_7d_usd": -672561355.3724899,
  "top500_change_7d_pct": -2.493384510800789,
  "change_1d_usd": -238283257.5109558,
  "change_1d_pct": -0.8978419762276646,
  "change_7d_usd": -672561355.3724899,
  "change_7d_pct": -2.493384510800789,
  "market_breadth": 0.3170731707317073,
  "protocols_tracked": 148,
  "top3_details": [
    {
      "slug": "tether-gold",
      "name": "Tether Gold",
      "tvl_usd": 3186493469.3203077,
      "share_pct": 12.115359298377838,
      "rank_by_tvl": 1
    },
    {
      "slug": "blackrock-buidl",
      "name": "BlackRock BUIDL",
      "tvl_usd": 2972036988.1204486,
      "share_pct": 11.299974817405932,
      "rank_by_tvl": 2
    },
    {
      "slug": "circle-usyc",
      "name": "Circle USYC",
      "tvl_usd": 2960824172.401069,
      "share_pct": 11.25734259722575,
      "rank_by_tvl": 3
    }
  ],
  "top4_10_share_pct": 39.78218865238949,
  "near_top10_focus": {
    "name": "WisdomTree",
    "slug": "wisdomtree",
    "rank_by_tvl": 11,
    "tvl_usd": 906079431.1281455,
    "gap_to_top10_usd": 70374383.63185453,
    "gap_to_top10_pct": 7.207138992964215,
    "previous_rank": 11,
    "rank_change": 0
  },
  "biggest_asset_gainer": {
    "name": "Hastra",
    "slug": "hastra",
    "tvl_usd": 395405527.60761905,
    "change_1d_usd": 6758830.187778592,
    "change_1d_pct": 1.7390679588040525,
    "rank_by_tvl": 15,
    "previous_rank": 15,
    "rank_change": 0,
    "analytics_category": "Other RWA"
  },
  "category_leader_24h": {
    "category": "Stablecoins",
    "change_1d_usd": 1496848.8512878418,
    "change_1d_pct": 0.03637010257500073
  },
  "top3_concentration": 34.67267671300952,
  "top10_concentration": 74.45486536539902,
  "top3_assets": [
    "Tether Gold",
    "BlackRock BUIDL",
    "Circle USYC"
  ],
  "largest_capital_increase_category": "Stablecoins",
  "largest_capital_increase_usd": 1496848.8512878418,
  "strongest_category_growth": "Private Credit",
  "strongest_category_growth_pct": 0.05655224754501642,
  "largest_asset_tvl_increase": "Hastra",
  "largest_asset_tvl_increase_usd": 6758830.187778592,
  "largest_asset_tvl_decline": "Ondo Global Markets",
  "largest_asset_tvl_decline_usd": -77113739.94362092,
  "new_entrants": 0,
  "new_top10_entrants": 0,
  "market_regime": "Contraction with moderate concentration."
}