{
  "total_rwa_tvl": 25541217563.227474,
  "top500_rwa_tvl": 25541217563.227474,
  "top500_change_1d_usd": -64040063.911102295,
  "top500_change_1d_pct": -0.25010513404569723,
  "top500_change_7d_usd": 1264332750.6110077,
  "top500_change_7d_pct": 5.207969475366725,
  "change_1d_usd": -64040063.911102295,
  "change_1d_pct": -0.25010513404569723,
  "change_7d_usd": 1264332750.6110077,
  "change_7d_pct": 5.207969475366725,
  "market_breadth": 0.6341463414634146,
  "protocols_tracked": 140,
  "top3_details": [
    {
      "slug": "tether-gold",
      "name": "Tether Gold",
      "tvl_usd": 3299044275.340119,
      "share_pct": 12.916550540996372,
      "rank_by_tvl": 1
    },
    {
      "slug": "blackrock-buidl",
      "name": "BlackRock BUIDL",
      "tvl_usd": 2833488942.250449,
      "share_pct": 11.093789617648909,
      "rank_by_tvl": 2
    },
    {
      "slug": "ondo-yield-assets",
      "name": "Ondo Yield Assets",
      "tvl_usd": 2787306628.5219903,
      "share_pct": 10.91297476959347,
      "rank_by_tvl": 3
    }
  ],
  "top4_10_share_pct": 42.603881836978225,
  "near_top10_focus": {
    "name": "Superstate USTB",
    "slug": "superstate-ustb",
    "rank_by_tvl": 11,
    "tvl_usd": 840883974.9562082,
    "gap_to_top10_usd": 16333465.54799807,
    "gap_to_top10_pct": 1.905405183822543,
    "previous_rank": 11,
    "rank_change": 0
  },
  "biggest_asset_gainer": {
    "name": "Re",
    "slug": "re",
    "tvl_usd": 185398897.776003,
    "change_1d_usd": 565404.6762557626,
    "change_1d_pct": 0.30589947026031794,
    "rank_by_tvl": 19,
    "previous_rank": 19,
    "rank_change": 0,
    "analytics_category": "Other RWA"
  },
  "category_leader_24h": {
    "category": "Treasury",
    "change_1d_usd": 512150.4119949341,
    "change_1d_pct": 0.008888185862643283
  },
  "top3_concentration": 34.92331492823875,
  "top10_concentration": 77.52719676521697,
  "top3_assets": [
    "Tether Gold",
    "BlackRock BUIDL",
    "Ondo Yield Assets"
  ],
  "largest_capital_increase_category": "Treasury",
  "largest_capital_increase_usd": 512150.4119949341,
  "strongest_category_growth": "Treasury",
  "strongest_category_growth_pct": 0.008888185862643283,
  "largest_asset_tvl_increase": "Re",
  "largest_asset_tvl_increase_usd": 565404.6762557626,
  "largest_asset_tvl_decline": "xStocks",
  "largest_asset_tvl_decline_usd": -29598254.43329978,
  "new_entrants": 0,
  "new_top10_entrants": 0,
  "market_regime": "Expansion with moderate concentration."
}