{
  "total_rwa_tvl": 25553150557.23012,
  "top500_rwa_tvl": 25553150557.23012,
  "top500_change_1d_usd": -52107069.908454895,
  "top500_change_1d_pct": -0.20350144750438393,
  "top500_change_7d_usd": 1276265744.613655,
  "top500_change_7d_pct": 5.2571232036755955,
  "change_1d_usd": -52107069.908454895,
  "change_1d_pct": -0.20350144750438393,
  "change_7d_usd": 1276265744.613655,
  "change_7d_pct": 5.2571232036755955,
  "market_breadth": 0.6219512195121951,
  "protocols_tracked": 140,
  "top3_details": [
    {
      "slug": "tether-gold",
      "name": "Tether Gold",
      "tvl_usd": 3302228084.249544,
      "share_pct": 12.922978232581176,
      "rank_by_tvl": 1
    },
    {
      "slug": "blackrock-buidl",
      "name": "BlackRock BUIDL",
      "tvl_usd": 2833488942.250449,
      "share_pct": 11.088608959996634,
      "rank_by_tvl": 2
    },
    {
      "slug": "ondo-yield-assets",
      "name": "Ondo Yield Assets",
      "tvl_usd": 2789034815.22623,
      "share_pct": 10.9146416563381,
      "rank_by_tvl": 3
    }
  ],
  "top4_10_share_pct": 42.61215624739516,
  "near_top10_focus": {
    "name": "Superstate USTB",
    "slug": "superstate-ustb",
    "rank_by_tvl": 11,
    "tvl_usd": 840883974.9562082,
    "gap_to_top10_usd": 16333465.54799807,
    "gap_to_top10_pct": 1.905405183822543,
    "previous_rank": 11,
    "rank_change": 0
  },
  "biggest_asset_gainer": {
    "name": "Re",
    "slug": "re",
    "tvl_usd": 185378836.3202538,
    "change_1d_usd": 545343.2205065489,
    "change_1d_pct": 0.2950456713017191,
    "rank_by_tvl": 19,
    "previous_rank": 19,
    "rank_change": 0,
    "analytics_category": "Other RWA"
  },
  "category_leader_24h": {
    "category": "Treasury",
    "change_1d_usd": 530310.4177627563,
    "change_1d_pct": 0.009203346219344155
  },
  "top3_concentration": 34.926228848915905,
  "top10_concentration": 77.53838509631107,
  "top3_assets": [
    "Tether Gold",
    "BlackRock BUIDL",
    "Ondo Yield Assets"
  ],
  "largest_capital_increase_category": "Treasury",
  "largest_capital_increase_usd": 530310.4177627563,
  "strongest_category_growth": "Treasury",
  "strongest_category_growth_pct": 0.009203346219344155,
  "largest_asset_tvl_increase": "Re",
  "largest_asset_tvl_increase_usd": 545343.2205065489,
  "largest_asset_tvl_decline": "xStocks",
  "largest_asset_tvl_decline_usd": -29607511.133951426,
  "new_entrants": 0,
  "new_top10_entrants": 0,
  "market_regime": "Expansion with moderate concentration."
}