{
  "total_rwa_tvl": 25544546781.985977,
  "top500_rwa_tvl": 25544546781.985977,
  "top500_change_1d_usd": -345766987.116272,
  "top500_change_1d_pct": -1.3355071328989165,
  "top500_change_7d_usd": -1049312796.6675835,
  "top500_change_7d_pct": -3.9456957857664565,
  "change_1d_usd": -345766987.116272,
  "change_1d_pct": -1.3355071328989165,
  "change_7d_usd": -1049312796.6675835,
  "change_7d_pct": -3.9456957857664565,
  "market_breadth": 0.3950617283950617,
  "protocols_tracked": 149,
  "top3_details": [
    {
      "slug": "tether-gold",
      "name": "Tether Gold",
      "tvl_usd": 3068651376.247085,
      "share_pct": 12.012941166805508,
      "rank_by_tvl": 1
    },
    {
      "slug": "blackrock-buidl",
      "name": "BlackRock BUIDL",
      "tvl_usd": 2950279206.320449,
      "share_pct": 11.549546098821322,
      "rank_by_tvl": 2
    },
    {
      "slug": "circle-usyc",
      "name": "Circle USYC",
      "tvl_usd": 2828866181.3828926,
      "share_pct": 11.074246904931623,
      "rank_by_tvl": 3
    }
  ],
  "top4_10_share_pct": 39.73263432208522,
  "near_top10_focus": {
    "name": "WisdomTree",
    "slug": "wisdomtree",
    "rank_by_tvl": 11,
    "tvl_usd": 893011492.0536803,
    "gap_to_top10_usd": 82531111.60631967,
    "gap_to_top10_pct": 8.460021253472979,
    "previous_rank": 11,
    "rank_change": 0
  },
  "biggest_asset_gainer": {
    "name": "Invesco USTB",
    "slug": "invesco-ustb",
    "tvl_usd": 758003745.8408697,
    "change_1d_usd": 21016787.232737064,
    "change_1d_pct": 2.8517176575864056,
    "rank_by_tvl": 13,
    "previous_rank": 13,
    "rank_change": 0,
    "analytics_category": "Treasury"
  },
  "category_leader_24h": {
    "category": "Private Credit",
    "change_1d_usd": 1390598.1609885693,
    "change_1d_pct": 0.09039263734424985
  },
  "top3_concentration": 34.636734170558455,
  "top10_concentration": 74.36936849264367,
  "top3_assets": [
    "Tether Gold",
    "BlackRock BUIDL",
    "Circle USYC"
  ],
  "largest_capital_increase_category": "Private Credit",
  "largest_capital_increase_usd": 1390598.1609885693,
  "strongest_category_growth": "Private Credit",
  "strongest_category_growth_pct": 0.09039263734424985,
  "largest_asset_tvl_increase": "Invesco USTB",
  "largest_asset_tvl_increase_usd": 21016787.232737064,
  "largest_asset_tvl_decline": "Tether Gold",
  "largest_asset_tvl_decline_usd": -82146594.08152056,
  "new_entrants": 0,
  "new_top10_entrants": 0,
  "market_regime": "Contraction with moderate concentration."
}