{
  "total_rwa_tvl": 27095901067.884583,
  "top500_rwa_tvl": 27095901067.884583,
  "top500_change_1d_usd": -95097457.2849083,
  "top500_change_1d_pct": -0.3497387460665746,
  "top500_change_7d_usd": 417159348.9539566,
  "top500_change_7d_pct": 1.56363951999261,
  "change_1d_usd": -95097457.2849083,
  "change_1d_pct": -0.3497387460665746,
  "change_7d_usd": 417159348.9539566,
  "change_7d_pct": 1.56363951999261,
  "market_breadth": 0.40963855421686746,
  "protocols_tracked": 145,
  "top3_details": [
    {
      "slug": "tether-gold",
      "name": "Tether Gold",
      "tvl_usd": 3241746422.6733646,
      "share_pct": 11.963973497510457,
      "rank_by_tvl": 1
    },
    {
      "slug": "blackrock-buidl",
      "name": "BlackRock BUIDL",
      "tvl_usd": 3164879074.110449,
      "share_pct": 11.680287236734939,
      "rank_by_tvl": 2
    },
    {
      "slug": "circle-usyc",
      "name": "Circle USYC",
      "tvl_usd": 2975376574.0470395,
      "share_pct": 10.980910236543506,
      "rank_by_tvl": 3
    }
  ],
  "top4_10_share_pct": 39.49242863119678,
  "near_top10_focus": {
    "name": "Blockchain Capital",
    "slug": "blockchain-capital",
    "rank_by_tvl": 11,
    "tvl_usd": 963514617.14,
    "gap_to_top10_usd": 47096900.29353583,
    "gap_to_top10_pct": 4.660237834330165,
    "previous_rank": 11,
    "rank_change": 0
  },
  "biggest_asset_gainer": {
    "name": "Superstate USTB",
    "slug": "superstate-ustb",
    "tvl_usd": 894698342.4316504,
    "change_1d_usd": 19203372.010679483,
    "change_1d_pct": 2.193430306223898,
    "rank_by_tvl": 13,
    "previous_rank": 13,
    "rank_change": 0,
    "analytics_category": "Treasury"
  },
  "category_leader_24h": {
    "category": "Commodities",
    "change_1d_usd": 17752846.92690277,
    "change_1d_pct": 0.31904557021908975
  },
  "top3_concentration": 34.62517097078891,
  "top10_concentration": 74.11759960198569,
  "top3_assets": [
    "Tether Gold",
    "BlackRock BUIDL",
    "Circle USYC"
  ],
  "largest_capital_increase_category": "Commodities",
  "largest_capital_increase_usd": 17752846.92690277,
  "strongest_category_growth": "Commodities",
  "strongest_category_growth_pct": 0.31904557021908975,
  "largest_asset_tvl_increase": "Superstate USTB",
  "largest_asset_tvl_increase_usd": 19203372.010679483,
  "largest_asset_tvl_decline": "BlackRock BUIDL",
  "largest_asset_tvl_decline_usd": -60679326.52999973,
  "new_entrants": 1,
  "new_top10_entrants": 0,
  "market_regime": "Expansion with moderate concentration."
}