{
  "total_rwa_tvl": 26197375623.238995,
  "top500_rwa_tvl": 26197375623.238995,
  "top500_change_1d_usd": 112240160.29161453,
  "top500_change_1d_pct": 0.4302839847277973,
  "top500_change_7d_usd": 406632770.2094917,
  "top500_change_7d_pct": 1.5766617213265999,
  "change_1d_usd": 112240160.29161671,
  "change_1d_pct": 0.43028398472780865,
  "change_7d_usd": 406632770.20949537,
  "change_7d_pct": 1.576661721326613,
  "market_breadth": 0.625,
  "protocols_tracked": 149,
  "top3_details": [
    {
      "slug": "circle-usyc",
      "name": "Circle USYC",
      "tvl_usd": 3075524495.3918166,
      "share_pct": 11.73981905524766,
      "rank_by_tvl": 1
    },
    {
      "slug": "tether-gold",
      "name": "Tether Gold",
      "tvl_usd": 3074907697.0720363,
      "share_pct": 11.737464627351327,
      "rank_by_tvl": 2
    },
    {
      "slug": "blackrock-buidl",
      "name": "BlackRock BUIDL",
      "tvl_usd": 3026816013.8104486,
      "share_pct": 11.553890196258592,
      "rank_by_tvl": 3
    }
  ],
  "top4_10_share_pct": 39.2668337490361,
  "near_top10_focus": {
    "name": "Anemoy Capital",
    "slug": "anemoy-capital",
    "rank_by_tvl": 11,
    "tvl_usd": 867296383.9374343,
    "gap_to_top10_usd": 48501140.518900394,
    "gap_to_top10_pct": 5.296054992908307,
    "previous_rank": 11,
    "rank_change": 0
  },
  "biggest_asset_gainer": {
    "name": "Invesco USTB",
    "slug": "invesco-ustb",
    "tvl_usd": 837431153.5114846,
    "change_1d_usd": 57104293.13420546,
    "change_1d_pct": 7.317996602935883,
    "rank_by_tvl": 12,
    "previous_rank": 13,
    "rank_change": 1,
    "analytics_category": "Treasury"
  },
  "category_leader_24h": {
    "category": "Other RWA",
    "change_1d_usd": 68816788.32492292,
    "change_1d_pct": 2.2446246807592054
  },
  "top3_concentration": 35.03117387885758,
  "top10_concentration": 74.29800762789368,
  "top3_assets": [
    "Circle USYC",
    "Tether Gold",
    "BlackRock BUIDL"
  ],
  "largest_capital_increase_category": "Other RWA",
  "largest_capital_increase_usd": 68816788.32492292,
  "strongest_category_growth": "Other RWA",
  "strongest_category_growth_pct": 2.2446246807592054,
  "largest_asset_tvl_increase": "Invesco USTB",
  "largest_asset_tvl_increase_usd": 57104293.13420546,
  "largest_asset_tvl_decline": "Ondo Global Markets",
  "largest_asset_tvl_decline_usd": -18644695.197606802,
  "new_entrants": 0,
  "new_top10_entrants": 0,
  "market_regime": "Expansion with moderate concentration.",
  "change_1d_usd_raw": 112240160.29161453,
  "change_1d_pct_raw": 0.4302839847277973,
  "change_7d_usd_raw": 406632770.2094917,
  "change_7d_pct_raw": 1.5766617213265999,
  "flow_basis": "adjusted (coverage artifacts excluded)",
  "coverage_flags": []
}