{
  "total_rwa_tvl": 25975306006.39988,
  "top500_rwa_tvl": 25975306006.39988,
  "top500_change_1d_usd": -57371357.623615265,
  "top500_change_1d_pct": -0.2203820867956563,
  "top500_change_7d_usd": -109829456.54750061,
  "top500_change_7d_pct": -0.4210423085726611,
  "change_1d_usd": -57371357.62361627,
  "change_1d_pct": -0.22038208679565954,
  "change_7d_usd": -109829456.547503,
  "change_7d_pct": -0.42104230857267433,
  "market_breadth": 0.4,
  "protocols_tracked": 149,
  "top3_details": [
    {
      "slug": "circle-usyc",
      "name": "Circle USYC",
      "tvl_usd": 3130775191.673576,
      "share_pct": 12.052890506476441,
      "rank_by_tvl": 1
    },
    {
      "slug": "blackrock-buidl",
      "name": "BlackRock BUIDL",
      "tvl_usd": 3012410595.310449,
      "share_pct": 11.597209267017842,
      "rank_by_tvl": 2
    },
    {
      "slug": "tether-gold",
      "name": "Tether Gold",
      "tvl_usd": 2952343657.6452584,
      "share_pct": 11.365962953113431,
      "rank_by_tvl": 3
    }
  ],
  "top4_10_share_pct": 39.10415932323241,
  "near_top10_focus": {
    "name": "Anemoy Capital",
    "slug": "anemoy-capital",
    "rank_by_tvl": 11,
    "tvl_usd": 869430684.6629323,
    "gap_to_top10_usd": 46842908.90023887,
    "gap_to_top10_pct": 5.112327718414091,
    "previous_rank": 11,
    "rank_change": 0
  },
  "biggest_asset_gainer": {
    "name": "Circle USYC",
    "slug": "circle-usyc",
    "tvl_usd": 3130775191.673576,
    "change_1d_usd": 59174596.2366662,
    "change_1d_pct": 1.9265068617506653,
    "rank_by_tvl": 1,
    "previous_rank": 1,
    "rank_change": 0,
    "analytics_category": "Stablecoins"
  },
  "category_leader_24h": {
    "category": "Stablecoins",
    "change_1d_usd": 58934186.56080714,
    "change_1d_pct": 1.443323581342544
  },
  "top3_concentration": 35.016062726607714,
  "top10_concentration": 74.12022204984012,
  "top3_assets": [
    "Circle USYC",
    "BlackRock BUIDL",
    "Tether Gold"
  ],
  "largest_capital_increase_category": "Stablecoins",
  "largest_capital_increase_usd": 58934186.56080714,
  "strongest_category_growth": "Stablecoins",
  "strongest_category_growth_pct": 1.443323581342544,
  "largest_asset_tvl_increase": "Circle USYC",
  "largest_asset_tvl_increase_usd": 59174596.2366662,
  "largest_asset_tvl_decline": "Ondo Yield Assets",
  "largest_asset_tvl_decline_usd": -30647496.13766098,
  "new_entrants": 0,
  "new_top10_entrants": 0,
  "market_regime": "Contraction with moderate concentration.",
  "change_1d_usd_raw": -57371357.623615265,
  "change_1d_pct_raw": -0.2203820867956563,
  "change_7d_usd_raw": -109829456.54750061,
  "change_7d_pct_raw": -0.4210423085726611,
  "flow_basis": "adjusted (coverage artifacts excluded)",
  "coverage_flags": []
}