{
  "total_rwa_tvl": 27190998525.16949,
  "top500_rwa_tvl": 27190998525.16949,
  "top500_change_1d_usd": 1585499.278427124,
  "top500_change_1d_pct": 0.00583131116849156,
  "top500_change_7d_usd": 3410264897.842041,
  "top500_change_7d_pct": 14.340452869473964,
  "change_1d_usd": 1585499.278427124,
  "change_1d_pct": 0.00583131116849156,
  "change_7d_usd": 3410264897.842041,
  "change_7d_pct": 14.340452869473964,
  "market_breadth": 0.4268292682926829,
  "protocols_tracked": 144,
  "top3_details": [
    {
      "slug": "tether-gold",
      "name": "Tether Gold",
      "tvl_usd": 3232575957.73934,
      "share_pct": 11.888404740808209,
      "rank_by_tvl": 1
    },
    {
      "slug": "blackrock-buidl",
      "name": "BlackRock BUIDL",
      "tvl_usd": 3225558400.6404486,
      "share_pct": 11.862596357594937,
      "rank_by_tvl": 2
    },
    {
      "slug": "circle-usyc",
      "name": "Circle USYC",
      "tvl_usd": 2974735588.695568,
      "share_pct": 10.940148394852026,
      "rank_by_tvl": 3
    }
  ],
  "top4_10_share_pct": 39.599020911474504,
  "near_top10_focus": {
    "name": "Blockchain Capital",
    "slug": "blockchain-capital",
    "rank_by_tvl": 11,
    "tvl_usd": 964699191.57,
    "gap_to_top10_usd": 48015633.82789159,
    "gap_to_top10_pct": 4.741278850048081,
    "previous_rank": 11,
    "rank_change": 0
  },
  "biggest_asset_gainer": {
    "name": "Ondo Yield Assets",
    "slug": "ondo-yield-assets",
    "tvl_usd": 2696913906.103926,
    "change_1d_usd": 8240918.89182806,
    "change_1d_pct": 0.3065050651761547,
    "rank_by_tvl": 4,
    "previous_rank": 4,
    "rank_change": 0,
    "analytics_category": "Funds"
  },
  "category_leader_24h": {
    "category": "Funds",
    "change_1d_usd": 7839853.221019745,
    "change_1d_pct": 0.13113550420016384
  },
  "top3_concentration": 34.69114949325517,
  "top10_concentration": 74.29017040472968,
  "top3_assets": [
    "Tether Gold",
    "BlackRock BUIDL",
    "Circle USYC"
  ],
  "largest_capital_increase_category": "Funds",
  "largest_capital_increase_usd": 7839853.221019745,
  "strongest_category_growth": "Funds",
  "strongest_category_growth_pct": 0.13113550420016384,
  "largest_asset_tvl_increase": "Ondo Yield Assets",
  "largest_asset_tvl_increase_usd": 8240918.89182806,
  "largest_asset_tvl_decline": "Midas RWA",
  "largest_asset_tvl_decline_usd": -5573354.509999961,
  "new_entrants": 0,
  "new_top10_entrants": 0,
  "market_regime": "Expansion with moderate concentration."
}