{
  "total_rwa_tvl": 26788090335.908096,
  "top500_rwa_tvl": 26788090335.908096,
  "top500_change_1d_usd": 173251674.6100502,
  "top500_change_1d_pct": 0.6509589511883185,
  "top500_change_7d_usd": 353662185.180912,
  "top500_change_7d_pct": 1.3378847583324083,
  "change_1d_usd": 173251674.6100502,
  "change_1d_pct": 0.6509589511883185,
  "change_7d_usd": 353662185.180912,
  "change_7d_pct": 1.3378847583324083,
  "market_breadth": 0.6626506024096386,
  "protocols_tracked": 139,
  "top3_details": [
    {
      "slug": "tether-gold",
      "name": "Tether Gold",
      "tvl_usd": 3428315998.6947985,
      "share_pct": 12.797911145234986,
      "rank_by_tvl": 1
    },
    {
      "slug": "blackrock-buidl",
      "name": "BlackRock BUIDL",
      "tvl_usd": 3034360185.1304483,
      "share_pct": 11.327273228816315,
      "rank_by_tvl": 2
    },
    {
      "slug": "ondo-yield-assets",
      "name": "Ondo Yield Assets",
      "tvl_usd": 2773764428.451262,
      "share_pct": 10.354468697356785,
      "rank_by_tvl": 3
    }
  ],
  "top4_10_share_pct": 42.174563455948984,
  "near_top10_focus": {
    "name": "Ondo Global Markets",
    "slug": "ondo-global-markets",
    "rank_by_tvl": 11,
    "tvl_usd": 801656704.8770163,
    "gap_to_top10_usd": 69356097.62422729,
    "gap_to_top10_pct": 7.962695545353739,
    "previous_rank": 11,
    "rank_change": 0
  },
  "biggest_asset_gainer": {
    "name": "Centrifuge Protocol",
    "slug": "centrifuge-protocol",
    "tvl_usd": 1891949481.5231311,
    "change_1d_usd": 50292655.82808471,
    "change_1d_pct": 2.73083753316008,
    "rank_by_tvl": 6,
    "previous_rank": 6,
    "rank_change": 0,
    "analytics_category": "Private Credit"
  },
  "category_leader_24h": {
    "category": "Commodities",
    "change_1d_usd": 51845656.9838686,
    "change_1d_pct": 0.8771610365378102
  },
  "top3_concentration": 34.47965307140809,
  "top10_concentration": 76.65421652735706,
  "top3_assets": [
    "Tether Gold",
    "BlackRock BUIDL",
    "Ondo Yield Assets"
  ],
  "largest_capital_increase_category": "Commodities",
  "largest_capital_increase_usd": 51845656.9838686,
  "strongest_category_growth": "Private Credit",
  "strongest_category_growth_pct": 2.4900000084272733,
  "largest_asset_tvl_increase": "Centrifuge Protocol",
  "largest_asset_tvl_increase_usd": 50292655.82808471,
  "largest_asset_tvl_decline": "Ondo Yield Assets",
  "largest_asset_tvl_decline_usd": -35345411.869596004,
  "new_entrants": 1,
  "new_top10_entrants": 0,
  "market_regime": "Expansion with moderate concentration."
}