{
  "total_rwa_tvl": 27319242882.5647,
  "top500_rwa_tvl": 27319242882.5647,
  "top500_change_1d_usd": 155935590.73909378,
  "top500_change_1d_pct": 0.5740670274934523,
  "top500_change_7d_usd": 910983292.4951019,
  "top500_change_7d_pct": 3.449615031948805,
  "change_1d_usd": 155935590.73909378,
  "change_1d_pct": 0.5740670274934523,
  "change_7d_usd": 910983292.4951019,
  "change_7d_pct": 3.449615031948805,
  "market_breadth": 0.6707317073170732,
  "protocols_tracked": 140,
  "top3_details": [
    {
      "slug": "tether-gold",
      "name": "Tether Gold",
      "tvl_usd": 3435603819.948176,
      "share_pct": 12.575765129057798,
      "rank_by_tvl": 1
    },
    {
      "slug": "blackrock-buidl",
      "name": "BlackRock BUIDL",
      "tvl_usd": 3035208002.400449,
      "share_pct": 11.110146849411908,
      "rank_by_tvl": 2
    },
    {
      "slug": "circle-usyc",
      "name": "Circle USYC",
      "tvl_usd": 2903229271.816143,
      "share_pct": 10.627048795956936,
      "rank_by_tvl": 3
    }
  ],
  "top4_10_share_pct": 42.39727934227911,
  "near_top10_focus": {
    "name": "Ondo Global Markets",
    "slug": "ondo-global-markets",
    "rank_by_tvl": 11,
    "tvl_usd": 820127421.3265345,
    "gap_to_top10_usd": 49279792.39378929,
    "gap_to_top10_pct": 5.668206062256336,
    "previous_rank": 11,
    "rank_change": 0
  },
  "biggest_asset_gainer": {
    "name": "Circle USYC",
    "slug": "circle-usyc",
    "tvl_usd": 2903229271.816143,
    "change_1d_usd": 85274207.23094559,
    "change_1d_pct": 3.0261024493482447,
    "rank_by_tvl": 3,
    "previous_rank": 3,
    "rank_change": 0,
    "analytics_category": "Stablecoins"
  },
  "category_leader_24h": {
    "category": "Stablecoins",
    "change_1d_usd": 85555573.03926706,
    "change_1d_pct": 2.2580859656465835
  },
  "top3_concentration": 34.31296077442664,
  "top10_concentration": 76.71024011670575,
  "top3_assets": [
    "Tether Gold",
    "BlackRock BUIDL",
    "Circle USYC"
  ],
  "largest_capital_increase_category": "Stablecoins",
  "largest_capital_increase_usd": 85555573.03926706,
  "strongest_category_growth": "Stablecoins",
  "strongest_category_growth_pct": 2.2580859656465835,
  "largest_asset_tvl_increase": "Circle USYC",
  "largest_asset_tvl_increase_usd": 85274207.23094559,
  "largest_asset_tvl_decline": "Ondo Yield Assets",
  "largest_asset_tvl_decline_usd": -55299277.58553648,
  "new_entrants": 1,
  "new_top10_entrants": 0,
  "market_regime": "Expansion with moderate concentration."
}