{
  "total_rwa_tvl": 25709760924.83747,
  "top500_rwa_tvl": 25709760924.83747,
  "top500_change_1d_usd": -80981928.19203186,
  "top500_change_1d_pct": -0.31399610570937986,
  "top500_change_7d_usd": -274913691.64953995,
  "top500_change_7d_pct": -1.0579839682699377,
  "change_1d_usd": -80981928.19203186,
  "change_1d_pct": -0.31399610570937986,
  "change_7d_usd": -274913691.64953995,
  "change_7d_pct": -1.0579839682699377,
  "market_breadth": 0.45,
  "protocols_tracked": 149,
  "top3_details": [
    {
      "slug": "circle-usyc",
      "name": "Circle USYC",
      "tvl_usd": 3011246164.593291,
      "share_pct": 11.712462723386166,
      "rank_by_tvl": 1
    },
    {
      "slug": "blackrock-buidl",
      "name": "BlackRock BUIDL",
      "tvl_usd": 3003922165.360449,
      "share_pct": 11.683975491419076,
      "rank_by_tvl": 2
    },
    {
      "slug": "tether-gold",
      "name": "Tether Gold",
      "tvl_usd": 2899159445.1919684,
      "share_pct": 11.27649321076017,
      "rank_by_tvl": 3
    }
  ],
  "top4_10_share_pct": 39.93193951709016,
  "near_top10_focus": {
    "name": "WisdomTree",
    "slug": "wisdomtree",
    "rank_by_tvl": 11,
    "tvl_usd": 887637536.6490539,
    "gap_to_top10_usd": 86993855.91094601,
    "gap_to_top10_pct": 8.925821246373461,
    "previous_rank": 11,
    "rank_change": 0
  },
  "biggest_asset_gainer": {
    "name": "Circle USYC",
    "slug": "circle-usyc",
    "tvl_usd": 3011246164.593291,
    "change_1d_usd": 33283959.727888584,
    "change_1d_pct": 1.117675693583653,
    "rank_by_tvl": 1,
    "previous_rank": 2,
    "rank_change": 1,
    "analytics_category": "Stablecoins"
  },
  "category_leader_24h": {
    "category": "Stablecoins",
    "change_1d_usd": 39859934.89717102,
    "change_1d_pct": 0.981667556950172
  },
  "top3_concentration": 34.67293142556541,
  "top10_concentration": 74.60487094265557,
  "top3_assets": [
    "Circle USYC",
    "BlackRock BUIDL",
    "Tether Gold"
  ],
  "largest_capital_increase_category": "Stablecoins",
  "largest_capital_increase_usd": 39859934.89717102,
  "strongest_category_growth": "Stablecoins",
  "strongest_category_growth_pct": 0.981667556950172,
  "largest_asset_tvl_increase": "Circle USYC",
  "largest_asset_tvl_increase_usd": 33283959.727888584,
  "largest_asset_tvl_decline": "Tether Gold",
  "largest_asset_tvl_decline_usd": -74160561.72662067,
  "new_entrants": 0,
  "new_top10_entrants": 0,
  "market_regime": "Contraction with moderate concentration."
}