{
  "total_rwa_tvl": 26821258926.19795,
  "top500_rwa_tvl": 26821258926.19795,
  "top500_change_1d_usd": 142517207.26732254,
  "top500_change_1d_pct": 0.534197634838951,
  "top500_change_7d_usd": 461864342.4931145,
  "top500_change_7d_pct": 1.7521811475087246,
  "change_1d_usd": 142517207.26732254,
  "change_1d_pct": 0.534197634838951,
  "change_7d_usd": 461864342.4931145,
  "change_7d_pct": 1.7521811475087246,
  "market_breadth": 0.5487804878048781,
  "protocols_tracked": 143,
  "top3_details": [
    {
      "slug": "tether-gold",
      "name": "Tether Gold",
      "tvl_usd": 3349148237.846425,
      "share_pct": 12.486916617381851,
      "rank_by_tvl": 1
    },
    {
      "slug": "circle-usyc",
      "name": "Circle USYC",
      "tvl_usd": 2981197060.842658,
      "share_pct": 11.11505268654911,
      "rank_by_tvl": 2
    },
    {
      "slug": "blackrock-buidl",
      "name": "BlackRock BUIDL",
      "tvl_usd": 2945621753.9704485,
      "share_pct": 10.982414218794485,
      "rank_by_tvl": 3
    }
  ],
  "top4_10_share_pct": 40.377688448793954,
  "near_top10_focus": {
    "name": "Blockchain Capital",
    "slug": "blockchain-capital",
    "rank_by_tvl": 11,
    "tvl_usd": 964699191.57,
    "gap_to_top10_usd": 17819181.280983925,
    "gap_to_top10_pct": 1.8136232128950238,
    "previous_rank": 11,
    "rank_change": 0
  },
  "biggest_asset_gainer": {
    "name": "Ethena USDtb",
    "slug": "ethena-usdtb",
    "tvl_usd": 626970256.58906,
    "change_1d_usd": 95689289.32000959,
    "change_1d_pct": 18.01105163090677,
    "rank_by_tvl": 13,
    "previous_rank": 13,
    "rank_change": 0,
    "analytics_category": "Stablecoins"
  },
  "category_leader_24h": {
    "category": "Stablecoins",
    "change_1d_usd": 95684995.16679668,
    "change_1d_pct": 2.6492237009035247
  },
  "top3_concentration": 34.584383522725446,
  "top10_concentration": 74.96207197151939,
  "top3_assets": [
    "Tether Gold",
    "Circle USYC",
    "BlackRock BUIDL"
  ],
  "largest_capital_increase_category": "Stablecoins",
  "largest_capital_increase_usd": 95684995.16679668,
  "strongest_category_growth": "Stablecoins",
  "strongest_category_growth_pct": 2.6492237009035247,
  "largest_asset_tvl_increase": "Ethena USDtb",
  "largest_asset_tvl_increase_usd": 95689289.32000959,
  "largest_asset_tvl_decline": "DigiFT",
  "largest_asset_tvl_decline_usd": -50123038.01479694,
  "new_entrants": 2,
  "new_top10_entrants": 0,
  "market_regime": "Expansion with moderate concentration."
}