{
  "total_rwa_tvl": 26593859578.65356,
  "top500_rwa_tvl": 26593859578.65356,
  "top500_change_1d_usd": 100620594.33117294,
  "top500_change_1d_pct": 0.37979725465322467,
  "top500_change_7d_usd": -272768016.2452698,
  "top500_change_7d_pct": -1.0152670456379131,
  "change_1d_usd": 100620594.33117294,
  "change_1d_pct": 0.37979725465322467,
  "change_7d_usd": -272768016.2452698,
  "change_7d_pct": -1.0152670456379131,
  "market_breadth": 0.4268292682926829,
  "protocols_tracked": 148,
  "top3_details": [
    {
      "slug": "tether-gold",
      "name": "Tether Gold",
      "tvl_usd": 3221504298.1863136,
      "share_pct": 12.11371477937772,
      "rank_by_tvl": 1
    },
    {
      "slug": "blackrock-buidl",
      "name": "BlackRock BUIDL",
      "tvl_usd": 2981347320.590449,
      "share_pct": 11.210660535274561,
      "rank_by_tvl": 2
    },
    {
      "slug": "circle-usyc",
      "name": "Circle USYC",
      "tvl_usd": 2960167480.277544,
      "share_pct": 11.13101869069663,
      "rank_by_tvl": 3
    }
  ],
  "top4_10_share_pct": 40.0229640583146,
  "near_top10_focus": {
    "name": "WisdomTree",
    "slug": "wisdomtree",
    "rank_by_tvl": 11,
    "tvl_usd": 921297792.8028759,
    "gap_to_top10_usd": 55156021.957124114,
    "gap_to_top10_pct": 5.64860530251303,
    "previous_rank": 11,
    "rank_change": 0
  },
  "biggest_asset_gainer": {
    "name": "Ondo Yield Assets",
    "slug": "ondo-yield-assets",
    "tvl_usd": 2712342829.342523,
    "change_1d_usd": 31850257.722778797,
    "change_1d_pct": 1.188224062248855,
    "rank_by_tvl": 4,
    "previous_rank": 4,
    "rank_change": 0,
    "analytics_category": "Funds"
  },
  "category_leader_24h": {
    "category": "Commodities",
    "change_1d_usd": 43136929.1699667,
    "change_1d_pct": 0.7884636820123525
  },
  "top3_concentration": 34.45539400534891,
  "top10_concentration": 74.4783580636635,
  "top3_assets": [
    "Tether Gold",
    "BlackRock BUIDL",
    "Circle USYC"
  ],
  "largest_capital_increase_category": "Commodities",
  "largest_capital_increase_usd": 43136929.1699667,
  "strongest_category_growth": "Commodities",
  "strongest_category_growth_pct": 0.7884636820123525,
  "largest_asset_tvl_increase": "Ondo Yield Assets",
  "largest_asset_tvl_increase_usd": 31850257.722778797,
  "largest_asset_tvl_decline": "Circle USYC",
  "largest_asset_tvl_decline_usd": -26992488.64163685,
  "new_entrants": 0,
  "new_top10_entrants": 0,
  "market_regime": "Contraction with moderate concentration."
}