{
  "total_rwa_tvl": 26571078176.187256,
  "top500_rwa_tvl": 26571078176.187256,
  "top500_change_1d_usd": 11100862.617946625,
  "top500_change_1d_pct": 0.04179545218314651,
  "top500_change_7d_usd": 460038788.23861694,
  "top500_change_7d_pct": 1.761855517903843,
  "change_1d_usd": 11100862.617946625,
  "change_1d_pct": 0.04179545218314651,
  "change_7d_usd": 460038788.23861694,
  "change_7d_pct": 1.761855517903843,
  "market_breadth": 0.654320987654321,
  "protocols_tracked": 142,
  "top3_details": [
    {
      "slug": "tether-gold",
      "name": "Tether Gold",
      "tvl_usd": 3360126345.1699986,
      "share_pct": 12.645803542068201,
      "rank_by_tvl": 1
    },
    {
      "slug": "circle-usyc",
      "name": "Circle USYC",
      "tvl_usd": 2982778186.0705786,
      "share_pct": 11.22565733423537,
      "rank_by_tvl": 2
    },
    {
      "slug": "blackrock-buidl",
      "name": "BlackRock BUIDL",
      "tvl_usd": 2961363670.550449,
      "share_pct": 11.145064008747656,
      "rank_by_tvl": 3
    }
  ],
  "top4_10_share_pct": 40.914398905623955,
  "near_top10_focus": {
    "name": "Ondo Global Markets",
    "slug": "ondo-global-markets",
    "rank_by_tvl": 11,
    "tvl_usd": 918180393.4373556,
    "gap_to_top10_usd": 45607587.03264427,
    "gap_to_top10_pct": 4.732118262193239,
    "previous_rank": 11,
    "rank_change": 0
  },
  "biggest_asset_gainer": {
    "name": "BlackRock BUIDL",
    "slug": "blackrock-buidl",
    "tvl_usd": 2961363670.550449,
    "change_1d_usd": 39825035.19999933,
    "change_1d_pct": 1.3631527825139322,
    "rank_by_tvl": 3,
    "previous_rank": 3,
    "rank_change": 0,
    "analytics_category": "Treasury"
  },
  "category_leader_24h": {
    "category": "Treasury",
    "change_1d_usd": 35351725.80902386,
    "change_1d_pct": 0.5826921511315586
  },
  "top3_concentration": 35.01652488505123,
  "top10_concentration": 75.93092379067518,
  "top3_assets": [
    "Tether Gold",
    "Circle USYC",
    "BlackRock BUIDL"
  ],
  "largest_capital_increase_category": "Treasury",
  "largest_capital_increase_usd": 35351725.80902386,
  "strongest_category_growth": "Treasury",
  "strongest_category_growth_pct": 0.5826921511315586,
  "largest_asset_tvl_increase": "BlackRock BUIDL",
  "largest_asset_tvl_increase_usd": 39825035.19999933,
  "largest_asset_tvl_decline": "Paxos Gold",
  "largest_asset_tvl_decline_usd": -15798983.10811615,
  "new_entrants": 0,
  "new_top10_entrants": 0,
  "market_regime": "Expansion with moderate concentration."
}