{
  "total_rwa_tvl": 26990825904.153038,
  "top500_rwa_tvl": 26990825904.153038,
  "top500_change_1d_usd": 50087480.63562012,
  "top500_change_1d_pct": 0.18591725233447765,
  "top500_change_7d_usd": 66230238.99045181,
  "top500_change_7d_pct": 0.24598415446641653,
  "change_1d_usd": 50087480.63562012,
  "change_1d_pct": 0.18591725233447765,
  "change_7d_usd": 66230238.99045181,
  "change_7d_pct": 0.24598415446641653,
  "market_breadth": 0.37349397590361444,
  "protocols_tracked": 145,
  "top3_details": [
    {
      "slug": "tether-gold",
      "name": "Tether Gold",
      "tvl_usd": 3229269225.6204686,
      "share_pct": 11.964321644279828,
      "rank_by_tvl": 1
    },
    {
      "slug": "blackrock-buidl",
      "name": "BlackRock BUIDL",
      "tvl_usd": 3080613327.500449,
      "share_pct": 11.413557104328696,
      "rank_by_tvl": 2
    },
    {
      "slug": "circle-usyc",
      "name": "Circle USYC",
      "tvl_usd": 2980926506.8967934,
      "share_pct": 11.044221164192395,
      "rank_by_tvl": 3
    }
  ],
  "top4_10_share_pct": 39.58778214873877,
  "near_top10_focus": {
    "name": "Blockchain Capital",
    "slug": "blockchain-capital",
    "rank_by_tvl": 11,
    "tvl_usd": 963514617.14,
    "gap_to_top10_usd": 25153838.816044807,
    "gap_to_top10_pct": 2.544213751790127,
    "previous_rank": 11,
    "rank_change": 0
  },
  "biggest_asset_gainer": {
    "name": "OpenEden TBILL",
    "slug": "openeden-tbill",
    "tvl_usd": 168654383.73131466,
    "change_1d_usd": 49782068.77576801,
    "change_1d_pct": 41.878606296499285,
    "rank_by_tvl": 19,
    "previous_rank": 24,
    "rank_change": 5,
    "analytics_category": "Treasury"
  },
  "category_leader_24h": {
    "category": "Commodities",
    "change_1d_usd": 74395905.77323246,
    "change_1d_pct": 1.3562959502105842
  },
  "top3_concentration": 34.422099912800924,
  "top10_concentration": 74.00988206153968,
  "top3_assets": [
    "Tether Gold",
    "BlackRock BUIDL",
    "Circle USYC"
  ],
  "largest_capital_increase_category": "Commodities",
  "largest_capital_increase_usd": 74395905.77323246,
  "strongest_category_growth": "Commodities",
  "strongest_category_growth_pct": 1.3562959502105842,
  "largest_asset_tvl_increase": "OpenEden TBILL",
  "largest_asset_tvl_increase_usd": 49782068.77576801,
  "largest_asset_tvl_decline": "Superstate USTB",
  "largest_asset_tvl_decline_usd": -75120596.47255886,
  "new_entrants": 0,
  "new_top10_entrants": 0,
  "market_regime": "Expansion with moderate concentration."
}