{
  "total_rwa_tvl": 27324150028.930252,
  "top500_rwa_tvl": 27324150028.930252,
  "top500_change_1d_usd": 67951952.14022446,
  "top500_change_1d_pct": 0.2493082562314175,
  "top500_change_7d_usd": 709311367.632206,
  "top500_change_7d_pct": 2.6650973791686017,
  "change_1d_usd": 67951952.14022446,
  "change_1d_pct": 0.2493082562314175,
  "change_7d_usd": 709311367.632206,
  "change_7d_pct": 2.6650973791686017,
  "market_breadth": 0.6296296296296297,
  "protocols_tracked": 140,
  "top3_details": [
    {
      "slug": "tether-gold",
      "name": "Tether Gold",
      "tvl_usd": 3404354280.4483047,
      "share_pct": 12.459140638753059,
      "rank_by_tvl": 1
    },
    {
      "slug": "blackrock-buidl",
      "name": "BlackRock BUIDL",
      "tvl_usd": 3035918300.9404497,
      "share_pct": 11.110751103789438,
      "rank_by_tvl": 2
    },
    {
      "slug": "circle-usyc",
      "name": "Circle USYC",
      "tvl_usd": 2904072361.43905,
      "share_pct": 10.62822579426726,
      "rank_by_tvl": 3
    }
  ],
  "top4_10_share_pct": 42.303910175168035,
  "near_top10_focus": {
    "name": "Superstate USTB",
    "slug": "superstate-ustb",
    "rank_by_tvl": 11,
    "tvl_usd": 827949513.1467,
    "gap_to_top10_usd": 43595159.04690099,
    "gap_to_top10_pct": 5.002056743365296,
    "previous_rank": 13,
    "rank_change": 2
  },
  "biggest_asset_gainer": {
    "name": "Superstate USTB",
    "slug": "superstate-ustb",
    "tvl_usd": 827949513.1467,
    "change_1d_usd": 84219924.56286299,
    "change_1d_pct": 11.323998111091594,
    "rank_by_tvl": 11,
    "previous_rank": 13,
    "rank_change": 2,
    "analytics_category": "Treasury"
  },
  "category_leader_24h": {
    "category": "Treasury",
    "change_1d_usd": 85643040.37484455,
    "change_1d_pct": 1.42181546755753
  },
  "top3_concentration": 34.19811753680976,
  "top10_concentration": 76.50202771197779,
  "top3_assets": [
    "Tether Gold",
    "BlackRock BUIDL",
    "Circle USYC"
  ],
  "largest_capital_increase_category": "Treasury",
  "largest_capital_increase_usd": 85643040.37484455,
  "strongest_category_growth": "Treasury",
  "strongest_category_growth_pct": 1.42181546755753,
  "largest_asset_tvl_increase": "Superstate USTB",
  "largest_asset_tvl_increase_usd": 84219924.56286299,
  "largest_asset_tvl_decline": "Midas RWA",
  "largest_asset_tvl_decline_usd": -37075087.400000095,
  "new_entrants": 0,
  "new_top10_entrants": 0,
  "market_regime": "Expansion with moderate concentration."
}