{
  "total_rwa_tvl": 25984674616.48701,
  "top500_rwa_tvl": 25984674616.48701,
  "top500_change_1d_usd": -178010445.1599388,
  "top500_change_1d_pct": -0.6803982264836139,
  "top500_change_7d_usd": -445937478.56998444,
  "top500_change_7d_pct": -1.6872007237902054,
  "change_1d_usd": -178010445.1599388,
  "change_1d_pct": -0.6803982264836139,
  "change_7d_usd": -445937478.56998444,
  "change_7d_pct": -1.6872007237902054,
  "market_breadth": 0.5061728395061729,
  "protocols_tracked": 149,
  "top3_details": [
    {
      "slug": "tether-gold",
      "name": "Tether Gold",
      "tvl_usd": 3173310852.8262,
      "share_pct": 12.212240097910506,
      "rank_by_tvl": 1
    },
    {
      "slug": "blackrock-buidl",
      "name": "BlackRock BUIDL",
      "tvl_usd": 2959824785.78045,
      "share_pct": 11.390655567041318,
      "rank_by_tvl": 2
    },
    {
      "slug": "circle-usyc",
      "name": "Circle USYC",
      "tvl_usd": 2900376464.8411965,
      "share_pct": 11.161873325906253,
      "rank_by_tvl": 3
    }
  ],
  "top4_10_share_pct": 39.909917144522126,
  "near_top10_focus": {
    "name": "WisdomTree",
    "slug": "wisdomtree",
    "rank_by_tvl": 11,
    "tvl_usd": 892496752.177201,
    "gap_to_top10_usd": 83957062.58279896,
    "gap_to_top10_pct": 8.598160129410171,
    "previous_rank": 11,
    "rank_change": 0
  },
  "biggest_asset_gainer": {
    "name": "Frax USD",
    "slug": "frax-usd",
    "tvl_usd": 76897544.21038985,
    "change_1d_usd": 2770278.9300055355,
    "change_1d_pct": 3.7371929471929466,
    "rank_by_tvl": 33,
    "previous_rank": 33,
    "rank_change": 0,
    "analytics_category": "Other RWA"
  },
  "category_leader_24h": {
    "category": "Private Credit",
    "change_1d_usd": 38119.10851979256,
    "change_1d_pct": 0.0024777010677157207
  },
  "top3_concentration": 34.76476899085807,
  "top10_concentration": 74.6746861353802,
  "top3_assets": [
    "Tether Gold",
    "BlackRock BUIDL",
    "Circle USYC"
  ],
  "largest_capital_increase_category": "Private Credit",
  "largest_capital_increase_usd": 38119.10851979256,
  "strongest_category_growth": "Private Credit",
  "strongest_category_growth_pct": 0.0024777010677157207,
  "largest_asset_tvl_increase": "Frax USD",
  "largest_asset_tvl_increase_usd": 2770278.9300055355,
  "largest_asset_tvl_decline": "Circle USYC",
  "largest_asset_tvl_decline_usd": -59796597.597604275,
  "new_entrants": 1,
  "new_top10_entrants": 0,
  "market_regime": "Contraction with moderate concentration."
}