{
  "total_rwa_tvl": 26143838711.57455,
  "top500_rwa_tvl": 26143838711.57455,
  "top500_change_1d_usd": 2824905066.231167,
  "top500_change_1d_pct": 12.114212035571704,
  "top500_change_7d_usd": -477220100.52796173,
  "top500_change_7d_pct": -1.792641321655497,
  "change_1d_usd": 2824905066.231167,
  "change_1d_pct": 12.114212035571704,
  "change_7d_usd": -477220100.52796173,
  "change_7d_pct": -1.792641321655497,
  "market_breadth": 0.39759036144578314,
  "protocols_tracked": 142,
  "top3_details": [
    {
      "slug": "tether-gold",
      "name": "Tether Gold",
      "tvl_usd": 3237444905.8154798,
      "share_pct": 12.383204094592964,
      "rank_by_tvl": 1
    },
    {
      "slug": "circle-usyc",
      "name": "Circle USYC",
      "tvl_usd": 2916938781.735631,
      "share_pct": 11.15727041432606,
      "rank_by_tvl": 2
    },
    {
      "slug": "blackrock-buidl",
      "name": "BlackRock BUIDL",
      "tvl_usd": 2823259408.5804486,
      "share_pct": 10.798947467995658,
      "rank_by_tvl": 3
    }
  ],
  "top4_10_share_pct": 41.67594973533807,
  "near_top10_focus": {
    "name": "Ondo Global Markets",
    "slug": "ondo-global-markets",
    "rank_by_tvl": 11,
    "tvl_usd": 863354509.6142297,
    "gap_to_top10_usd": 100433470.85577023,
    "gap_to_top10_pct": 10.420701740521078,
    "previous_rank": 10,
    "rank_change": -1
  },
  "biggest_asset_gainer": {
    "name": "Circle USYC",
    "slug": "circle-usyc",
    "tvl_usd": 2916938781.735631,
    "change_1d_usd": 2916938781.735631,
    "change_1d_pct": null,
    "rank_by_tvl": 2,
    "previous_rank": 128,
    "rank_change": 126,
    "analytics_category": "Stablecoins"
  },
  "category_leader_24h": {
    "category": "Stablecoins",
    "change_1d_usd": 2950231640.4952126,
    "change_1d_pct": 454.74015102178333
  },
  "top3_concentration": 34.33942197691468,
  "top10_concentration": 76.01537171225276,
  "top3_assets": [
    "Tether Gold",
    "Circle USYC",
    "BlackRock BUIDL"
  ],
  "largest_capital_increase_category": "Stablecoins",
  "largest_capital_increase_usd": 2950231640.4952126,
  "strongest_category_growth": "Stablecoins",
  "strongest_category_growth_pct": 454.74015102178333,
  "largest_asset_tvl_increase": "Circle USYC",
  "largest_asset_tvl_increase_usd": 2916938781.735631,
  "largest_asset_tvl_decline": "Anemoy Capital",
  "largest_asset_tvl_decline_usd": -49670101.127253056,
  "new_entrants": 2,
  "new_top10_entrants": 1,
  "market_regime": "Contraction with moderate concentration."
}