{
  "total_rwa_tvl": 26851746453.421772,
  "top500_rwa_tvl": 26851746453.421772,
  "top500_change_1d_usd": -72849211.74081421,
  "top500_change_1d_pct": -0.2705675236381433,
  "top500_change_7d_usd": 280668277.23451614,
  "top500_change_7d_pct": 1.0562923919513745,
  "change_1d_usd": -72849211.74081421,
  "change_1d_pct": -0.2705675236381433,
  "change_7d_usd": 280668277.23451614,
  "change_7d_pct": 1.0562923919513745,
  "market_breadth": 0.45121951219512196,
  "protocols_tracked": 144,
  "top3_details": [
    {
      "slug": "tether-gold",
      "name": "Tether Gold",
      "tvl_usd": 3291656731.7873883,
      "share_pct": 12.258631808166525,
      "rank_by_tvl": 1
    },
    {
      "slug": "blackrock-buidl",
      "name": "BlackRock BUIDL",
      "tvl_usd": 2992335102.040449,
      "share_pct": 11.143912397769308,
      "rank_by_tvl": 2
    },
    {
      "slug": "circle-usyc",
      "name": "Circle USYC",
      "tvl_usd": 2981766879.14525,
      "share_pct": 11.104554723535598,
      "rank_by_tvl": 3
    }
  ],
  "top4_10_share_pct": 39.987553802627154,
  "near_top10_focus": {
    "name": "WisdomTree",
    "slug": "wisdomtree",
    "rank_by_tvl": 11,
    "tvl_usd": 964450023.0660515,
    "gap_to_top10_usd": 249168.5039485693,
    "gap_to_top10_pct": 0.025828621618627038,
    "previous_rank": 10,
    "rank_change": -1
  },
  "biggest_asset_gainer": {
    "name": "BlackRock BUIDL",
    "slug": "blackrock-buidl",
    "tvl_usd": 2992335102.040449,
    "change_1d_usd": 150323977.47000027,
    "change_1d_pct": 5.289352183402185,
    "rank_by_tvl": 2,
    "previous_rank": 3,
    "rank_change": 1,
    "analytics_category": "Treasury"
  },
  "category_leader_24h": {
    "category": "Treasury",
    "change_1d_usd": 101693545.14355087,
    "change_1d_pct": 1.6530966346506748
  },
  "top3_concentration": 34.50709892947143,
  "top10_concentration": 74.49465273209859,
  "top3_assets": [
    "Tether Gold",
    "BlackRock BUIDL",
    "Circle USYC"
  ],
  "largest_capital_increase_category": "Treasury",
  "largest_capital_increase_usd": 101693545.14355087,
  "strongest_category_growth": "Treasury",
  "strongest_category_growth_pct": 1.6530966346506748,
  "largest_asset_tvl_increase": "BlackRock BUIDL",
  "largest_asset_tvl_increase_usd": 150323977.47000027,
  "largest_asset_tvl_decline": "Tether Gold",
  "largest_asset_tvl_decline_usd": -54370809.50677681,
  "new_entrants": 0,
  "new_top10_entrants": 1,
  "market_regime": "Expansion with moderate concentration."
}