{
  "total_rwa_tvl": 25790742853.029503,
  "top500_rwa_tvl": 25790742853.029503,
  "top500_change_1d_usd": 44203700.35085678,
  "top500_change_1d_pct": 0.17168793090491796,
  "top500_change_7d_usd": -371942208.6174469,
  "top500_change_7d_pct": -1.4216515152823295,
  "change_1d_usd": 44203700.35085678,
  "change_1d_pct": 0.17168793090491796,
  "change_7d_usd": -371942208.6174469,
  "change_7d_pct": -1.4216515152823295,
  "market_breadth": 0.4875,
  "protocols_tracked": 149,
  "top3_details": [
    {
      "slug": "blackrock-buidl",
      "name": "BlackRock BUIDL",
      "tvl_usd": 2987692420.830449,
      "share_pct": 11.584359697803356,
      "rank_by_tvl": 1
    },
    {
      "slug": "circle-usyc",
      "name": "Circle USYC",
      "tvl_usd": 2977962204.865402,
      "share_pct": 11.546632145632813,
      "rank_by_tvl": 2
    },
    {
      "slug": "tether-gold",
      "name": "Tether Gold",
      "tvl_usd": 2973320006.918589,
      "share_pct": 11.528632672049339,
      "rank_by_tvl": 3
    }
  ],
  "top4_10_share_pct": 40.01116305001011,
  "near_top10_focus": {
    "name": "WisdomTree",
    "slug": "wisdomtree",
    "rank_by_tvl": 11,
    "tvl_usd": 887701184.2232753,
    "gap_to_top10_usd": 86930208.33672464,
    "gap_to_top10_pct": 8.919290821157606,
    "previous_rank": 11,
    "rank_change": 0
  },
  "biggest_asset_gainer": {
    "name": "Centrifuge Protocol",
    "slug": "centrifuge-protocol",
    "tvl_usd": 1633962602.7843063,
    "change_1d_usd": 250409791.28681493,
    "change_1d_pct": 18.099041048948706,
    "rank_by_tvl": 6,
    "previous_rank": 6,
    "rank_change": 0,
    "analytics_category": "Private Credit"
  },
  "category_leader_24h": {
    "category": "Private Credit",
    "change_1d_usd": 249362016.56453705,
    "change_1d_pct": 16.18538532358269
  },
  "top3_concentration": 34.65962451548551,
  "top10_concentration": 74.67078756549562,
  "top3_assets": [
    "BlackRock BUIDL",
    "Circle USYC",
    "Tether Gold"
  ],
  "largest_capital_increase_category": "Private Credit",
  "largest_capital_increase_usd": 249362016.56453705,
  "strongest_category_growth": "Private Credit",
  "strongest_category_growth_pct": 16.18538532358269,
  "largest_asset_tvl_increase": "Centrifuge Protocol",
  "largest_asset_tvl_increase_usd": 250409791.28681493,
  "largest_asset_tvl_decline": "Tether Gold",
  "largest_asset_tvl_decline_usd": -102959869.6459117,
  "new_entrants": 0,
  "new_top10_entrants": 0,
  "market_regime": "Contraction with moderate concentration."
}