{
  "total_rwa_tvl": 26834889212.17233,
  "top500_rwa_tvl": 26834889212.17233,
  "top500_change_1d_usd": 156147493.24170303,
  "top500_change_1d_pct": 0.5852880727538423,
  "top500_change_7d_usd": 475494628.46749496,
  "top500_change_7d_pct": 1.8038905520290083,
  "change_1d_usd": 156147493.24170303,
  "change_1d_pct": 0.5852880727538423,
  "change_7d_usd": 475494628.46749496,
  "change_7d_pct": 1.8038905520290083,
  "market_breadth": 0.573170731707317,
  "protocols_tracked": 143,
  "top3_details": [
    {
      "slug": "tether-gold",
      "name": "Tether Gold",
      "tvl_usd": 3355088533.357056,
      "share_pct": 12.502710582591803,
      "rank_by_tvl": 1
    },
    {
      "slug": "circle-usyc",
      "name": "Circle USYC",
      "tvl_usd": 2981197060.842658,
      "share_pct": 11.109407000981337,
      "rank_by_tvl": 2
    },
    {
      "slug": "blackrock-buidl",
      "name": "BlackRock BUIDL",
      "tvl_usd": 2945621753.9704485,
      "share_pct": 10.976835904484792,
      "rank_by_tvl": 3
    }
  ],
  "top4_10_share_pct": 40.37663162410143,
  "near_top10_focus": {
    "name": "Blockchain Capital",
    "slug": "blockchain-capital",
    "rank_by_tvl": 11,
    "tvl_usd": 964699191.57,
    "gap_to_top10_usd": 17819181.280983925,
    "gap_to_top10_pct": 1.8136232128950238,
    "previous_rank": 11,
    "rank_change": 0
  },
  "biggest_asset_gainer": {
    "name": "Ethena USDtb",
    "slug": "ethena-usdtb",
    "tvl_usd": 626931455.343721,
    "change_1d_usd": 95650488.07467067,
    "change_1d_pct": 18.00374829279956,
    "rank_by_tvl": 13,
    "previous_rank": 13,
    "rank_change": 0,
    "analytics_category": "Stablecoins"
  },
  "category_leader_24h": {
    "category": "Stablecoins",
    "change_1d_usd": 95663720.55679703,
    "change_1d_pct": 2.6486346722795595
  },
  "top3_concentration": 34.58895348805793,
  "top10_concentration": 74.96558511215936,
  "top3_assets": [
    "Tether Gold",
    "Circle USYC",
    "BlackRock BUIDL"
  ],
  "largest_capital_increase_category": "Stablecoins",
  "largest_capital_increase_usd": 95663720.55679703,
  "strongest_category_growth": "Stablecoins",
  "strongest_category_growth_pct": 2.6486346722795595,
  "largest_asset_tvl_increase": "Ethena USDtb",
  "largest_asset_tvl_increase_usd": 95650488.07467067,
  "largest_asset_tvl_decline": "DigiFT",
  "largest_asset_tvl_decline_usd": -50439861.40354693,
  "new_entrants": 2,
  "new_top10_entrants": 0,
  "market_regime": "Expansion with moderate concentration."
}