{
  "total_rwa_tvl": 26133293981.93716,
  "top500_rwa_tvl": 26133293981.93716,
  "top500_change_1d_usd": -82497922.46083832,
  "top500_change_1d_pct": -0.3146878902673844,
  "top500_change_7d_usd": -967822189.2401962,
  "top500_change_7d_pct": -3.571152505775743,
  "change_1d_usd": -82497922.46083832,
  "change_1d_pct": -0.3146878902673844,
  "change_7d_usd": -967822189.2401962,
  "change_7d_pct": -3.571152505775743,
  "market_breadth": 0.2976190476190476,
  "protocols_tracked": 142,
  "top3_details": [
    {
      "slug": "tether-gold",
      "name": "Tether Gold",
      "tvl_usd": 3261698907.225921,
      "share_pct": 12.48100951024523,
      "rank_by_tvl": 1
    },
    {
      "slug": "circle-usyc",
      "name": "Circle USYC",
      "tvl_usd": 2904738383.781681,
      "share_pct": 11.11508708312615,
      "rank_by_tvl": 2
    },
    {
      "slug": "blackrock-buidl",
      "name": "BlackRock BUIDL",
      "tvl_usd": 2822174672.670449,
      "share_pct": 10.799154039368641,
      "rank_by_tvl": 3
    }
  ],
  "top4_10_share_pct": 41.92774803425587,
  "near_top10_focus": {
    "name": "Superstate USTB",
    "slug": "superstate-ustb",
    "rank_by_tvl": 11,
    "tvl_usd": 819085011.047732,
    "gap_to_top10_usd": 59474325.12547314,
    "gap_to_top10_pct": 6.769528553931156,
    "previous_rank": 11,
    "rank_change": 0
  },
  "biggest_asset_gainer": {
    "name": "R25",
    "slug": "r25",
    "tvl_usd": 39749804.21648276,
    "change_1d_usd": 39749804.21648276,
    "change_1d_pct": null,
    "rank_by_tvl": 41,
    "previous_rank": 999999,
    "rank_change": null,
    "analytics_category": "Other RWA"
  },
  "category_leader_24h": {
    "category": "Other RWA",
    "change_1d_usd": 51055719.36050272,
    "change_1d_pct": 1.7684586196599517
  },
  "top3_concentration": 34.39525063274002,
  "top10_concentration": 76.32299866699589,
  "top3_assets": [
    "Tether Gold",
    "Circle USYC",
    "BlackRock BUIDL"
  ],
  "largest_capital_increase_category": "Other RWA",
  "largest_capital_increase_usd": 51055719.36050272,
  "strongest_category_growth": "Other RWA",
  "strongest_category_growth_pct": 1.7684586196599517,
  "largest_asset_tvl_increase": "R25",
  "largest_asset_tvl_increase_usd": 39749804.21648276,
  "largest_asset_tvl_decline": "Anemoy Capital",
  "largest_asset_tvl_decline_usd": -49874231.3883481,
  "new_entrants": 2,
  "new_top10_entrants": 0,
  "market_regime": "Contraction with moderate concentration."
}