{
  "total_rwa_tvl": 25846519640.30951,
  "top500_rwa_tvl": 25846519640.30951,
  "top500_change_1d_usd": 136758715.47203827,
  "top500_change_1d_pct": 0.5319330501432962,
  "top500_change_7d_usd": -43794128.79273987,
  "top500_change_7d_pct": -0.1691525610052813,
  "change_1d_usd": 136758715.4720369,
  "change_1d_pct": 0.5319330501432947,
  "change_7d_usd": -43794128.792737514,
  "change_7d_pct": -0.16915256100527393,
  "market_breadth": 0.3625,
  "protocols_tracked": 149,
  "top3_details": [
    {
      "slug": "blackrock-buidl",
      "name": "BlackRock BUIDL",
      "tvl_usd": 3025679890.7104487,
      "share_pct": 11.706333900335592,
      "rank_by_tvl": 1
    },
    {
      "slug": "circle-usyc",
      "name": "Circle USYC",
      "tvl_usd": 3011681810.3281813,
      "share_pct": 11.652175427252676,
      "rank_by_tvl": 2
    },
    {
      "slug": "tether-gold",
      "name": "Tether Gold",
      "tvl_usd": 2969095752.5658536,
      "share_pct": 11.487410273742755,
      "rank_by_tvl": 3
    }
  ],
  "top4_10_share_pct": 40.034840209262875,
  "near_top10_focus": {
    "name": "Anemoy Capital",
    "slug": "anemoy-capital",
    "rank_by_tvl": 11,
    "tvl_usd": 865506173.5747966,
    "gap_to_top10_usd": 109125218.98520339,
    "gap_to_top10_pct": 11.196563112806308,
    "previous_rank": 12,
    "rank_change": 1
  },
  "biggest_asset_gainer": {
    "name": "Tether Gold",
    "slug": "tether-gold",
    "tvl_usd": 2969095752.5658536,
    "change_1d_usd": 69936307.37388515,
    "change_1d_pct": 2.412296001514136,
    "rank_by_tvl": 3,
    "previous_rank": 3,
    "rank_change": 0,
    "analytics_category": "Commodities"
  },
  "category_leader_24h": {
    "category": "Commodities",
    "change_1d_usd": 116709261.4963142,
    "change_1d_pct": 2.4115568276595893
  },
  "top3_concentration": 34.84591960133102,
  "top10_concentration": 74.88075981059389,
  "top3_assets": [
    "BlackRock BUIDL",
    "Circle USYC",
    "Tether Gold"
  ],
  "largest_capital_increase_category": "Commodities",
  "largest_capital_increase_usd": 116709261.4963142,
  "strongest_category_growth": "Commodities",
  "strongest_category_growth_pct": 2.4115568276595893,
  "largest_asset_tvl_increase": "Tether Gold",
  "largest_asset_tvl_increase_usd": 69936307.37388515,
  "largest_asset_tvl_decline": "WisdomTree",
  "largest_asset_tvl_decline_usd": -79998203.5679661,
  "new_entrants": 0,
  "new_top10_entrants": 0,
  "market_regime": "Contraction with moderate concentration.",
  "change_1d_usd_raw": 136758715.47203827,
  "change_1d_pct_raw": 0.5319330501432962,
  "change_7d_usd_raw": -43794128.79273987,
  "change_7d_pct_raw": -0.1691525610052813,
  "flow_basis": "adjusted (coverage artifacts excluded)",
  "coverage_flags": []
}