{
  "total_rwa_tvl": 26408259590.0696,
  "top500_rwa_tvl": 26408259590.0696,
  "top500_change_1d_usd": -177288510.3946724,
  "top500_change_1d_pct": -0.6668604676673073,
  "top500_change_7d_usd": 803001962.9310226,
  "top500_change_7d_pct": 3.136082341463875,
  "change_1d_usd": -177288510.3946724,
  "change_1d_pct": -0.6668604676673073,
  "change_7d_usd": 803001962.9310226,
  "change_7d_pct": 3.136082341463875,
  "market_breadth": 0.573170731707317,
  "protocols_tracked": 139,
  "top3_details": [
    {
      "slug": "tether-gold",
      "name": "Tether Gold",
      "tvl_usd": 3369681021.3041496,
      "share_pct": 12.759951142601098,
      "rank_by_tvl": 1
    },
    {
      "slug": "blackrock-buidl",
      "name": "BlackRock BUIDL",
      "tvl_usd": 2983432511.380449,
      "share_pct": 11.297346200361954,
      "rank_by_tvl": 2
    },
    {
      "slug": "ondo-yield-assets",
      "name": "Ondo Yield Assets",
      "tvl_usd": 2813884261.5146623,
      "share_pct": 10.65531884794399,
      "rank_by_tvl": 3
    }
  ],
  "top4_10_share_pct": 42.067395714402835,
  "near_top10_focus": {
    "name": "Blockchain Capital",
    "slug": "blockchain-capital",
    "rank_by_tvl": 11,
    "tvl_usd": 756851939.66,
    "gap_to_top10_usd": 105226725.23744166,
    "gap_to_top10_pct": 12.206162792575327,
    "previous_rank": 11,
    "rank_change": 0
  },
  "biggest_asset_gainer": {
    "name": "BlackRock BUIDL",
    "slug": "blackrock-buidl",
    "tvl_usd": 2983432511.380449,
    "change_1d_usd": 50223627.049999714,
    "change_1d_pct": 1.7122417471970852,
    "rank_by_tvl": 2,
    "previous_rank": 2,
    "rank_change": 0,
    "analytics_category": "Treasury"
  },
  "category_leader_24h": {
    "category": "Treasury",
    "change_1d_usd": 41327715.62623787,
    "change_1d_pct": 0.724529266259788
  },
  "top3_concentration": 34.71261619090704,
  "top10_concentration": 76.78001190530988,
  "top3_assets": [
    "Tether Gold",
    "BlackRock BUIDL",
    "Ondo Yield Assets"
  ],
  "largest_capital_increase_category": "Treasury",
  "largest_capital_increase_usd": 41327715.62623787,
  "strongest_category_growth": "Private Credit",
  "strongest_category_growth_pct": 1.2339786372289607,
  "largest_asset_tvl_increase": "BlackRock BUIDL",
  "largest_asset_tvl_increase_usd": 50223627.049999714,
  "largest_asset_tvl_decline": "Paxos Gold",
  "largest_asset_tvl_decline_usd": -37905125.60137606,
  "new_entrants": 0,
  "new_top10_entrants": 0,
  "market_regime": "Expansion with moderate concentration."
}