{
  "total_rwa_tvl": 26621058812.102512,
  "top500_rwa_tvl": 26621058812.102512,
  "top500_change_1d_usd": 90583608.00444794,
  "top500_change_1d_pct": 0.34143228610716836,
  "top500_change_7d_usd": -703091216.8277397,
  "top500_change_7d_pct": -2.573149452346446,
  "change_1d_usd": 90583608.00444794,
  "change_1d_pct": 0.34143228610716836,
  "change_7d_usd": -703091216.8277397,
  "change_7d_pct": -2.573149452346446,
  "market_breadth": 0.39759036144578314,
  "protocols_tracked": 141,
  "top3_details": [
    {
      "slug": "tether-gold",
      "name": "Tether Gold",
      "tvl_usd": 3327257412.8347087,
      "share_pct": 12.498591571128888,
      "rank_by_tvl": 1
    },
    {
      "slug": "circle-usyc",
      "name": "Circle USYC",
      "tvl_usd": 2904218063.060484,
      "share_pct": 10.909476154044494,
      "rank_by_tvl": 2
    },
    {
      "slug": "blackrock-buidl",
      "name": "BlackRock BUIDL",
      "tvl_usd": 2810254363.6504493,
      "share_pct": 10.556508602778965,
      "rank_by_tvl": 3
    }
  ],
  "top4_10_share_pct": 42.47901686737812,
  "near_top10_focus": {
    "name": "WisdomTree",
    "slug": "wisdomtree",
    "rank_by_tvl": 11,
    "tvl_usd": 868687280.0337757,
    "gap_to_top10_usd": 55072683.103354216,
    "gap_to_top10_pct": 5.961795845354126,
    "previous_rank": 10,
    "rank_change": -1
  },
  "biggest_asset_gainer": {
    "name": "Blockchain Capital",
    "slug": "blockchain-capital",
    "tvl_usd": 963605738.25,
    "change_1d_usd": 209487431.89,
    "change_1d_pct": 27.77912034799419,
    "rank_by_tvl": 9,
    "previous_rank": 12,
    "rank_change": 3,
    "analytics_category": "Funds"
  },
  "category_leader_24h": {
    "category": "Funds",
    "change_1d_usd": 175906683.91396523,
    "change_1d_pct": 2.8955573066622
  },
  "top3_concentration": 33.96457632795235,
  "top10_concentration": 76.44359319533048,
  "top3_assets": [
    "Tether Gold",
    "Circle USYC",
    "BlackRock BUIDL"
  ],
  "largest_capital_increase_category": "Funds",
  "largest_capital_increase_usd": 175906683.91396523,
  "strongest_category_growth": "Funds",
  "strongest_category_growth_pct": 2.8955573066622,
  "largest_asset_tvl_increase": "Blockchain Capital",
  "largest_asset_tvl_increase_usd": 209487431.89,
  "largest_asset_tvl_decline": "Anemoy Capital",
  "largest_asset_tvl_decline_usd": -49617967.32738662,
  "new_entrants": 2,
  "new_top10_entrants": 1,
  "market_regime": "Contraction with moderate concentration."
}