{
  "total_rwa_tvl": 26866627594.89883,
  "top500_rwa_tvl": 26866627594.89883,
  "top500_change_1d_usd": -78302253.56604767,
  "top500_change_1d_pct": -0.29060106671796593,
  "top500_change_7d_usd": -358084490.8639946,
  "top500_change_7d_pct": -1.3152921130477502,
  "change_1d_usd": -78302253.56604767,
  "change_1d_pct": -0.29060106671796593,
  "change_7d_usd": -358084490.8639946,
  "change_7d_pct": -1.3152921130477502,
  "market_breadth": 0.37349397590361444,
  "protocols_tracked": 145,
  "top3_details": [
    {
      "slug": "tether-gold",
      "name": "Tether Gold",
      "tvl_usd": 3208630073.9245286,
      "share_pct": 11.942809206667054,
      "rank_by_tvl": 1
    },
    {
      "slug": "blackrock-buidl",
      "name": "BlackRock BUIDL",
      "tvl_usd": 3054831568.7104497,
      "share_pct": 11.370357362196328,
      "rank_by_tvl": 2
    },
    {
      "slug": "circle-usyc",
      "name": "Circle USYC",
      "tvl_usd": 2985476933.2019,
      "share_pct": 11.112213182158943,
      "rank_by_tvl": 3
    }
  ],
  "top4_10_share_pct": 39.546014881235955,
  "near_top10_focus": {
    "name": "WisdomTree",
    "slug": "wisdomtree",
    "rank_by_tvl": 11,
    "tvl_usd": 961893554.1160432,
    "gap_to_top10_usd": 1621063.0239567757,
    "gap_to_top10_pct": 0.16824477751760283,
    "previous_rank": 12,
    "rank_change": 1
  },
  "biggest_asset_gainer": {
    "name": "Ondo Global Markets",
    "slug": "ondo-global-markets",
    "tvl_usd": 1076065286.8526835,
    "change_1d_usd": 17974268.589767814,
    "change_1d_pct": 1.6987450303922236,
    "rank_by_tvl": 9,
    "previous_rank": 9,
    "rank_change": 0,
    "analytics_category": "Treasury"
  },
  "category_leader_24h": {
    "category": "Treasury",
    "change_1d_usd": 11934837.049289703,
    "change_1d_pct": 0.18595926415598818
  },
  "top3_concentration": 34.42537975102232,
  "top10_concentration": 73.97139463225828,
  "top3_assets": [
    "Tether Gold",
    "BlackRock BUIDL",
    "Circle USYC"
  ],
  "largest_capital_increase_category": "Treasury",
  "largest_capital_increase_usd": 11934837.049289703,
  "strongest_category_growth": "Treasury",
  "strongest_category_growth_pct": 0.18595926415598818,
  "largest_asset_tvl_increase": "Ondo Global Markets",
  "largest_asset_tvl_increase_usd": 17974268.589767814,
  "largest_asset_tvl_decline": "Anemoy Capital",
  "largest_asset_tvl_decline_usd": -24848177.078695774,
  "new_entrants": 0,
  "new_top10_entrants": 1,
  "market_regime": "Contraction with moderate concentration."
}