{
  "total_rwa_tvl": 25544616810.875675,
  "top500_rwa_tvl": 25544616810.875675,
  "top500_change_1d_usd": -60640816.262901306,
  "top500_change_1d_pct": -0.23682954940718037,
  "top500_change_7d_usd": 1267731998.2592087,
  "top500_change_7d_pct": 5.221971468103592,
  "change_1d_usd": -60640816.262901306,
  "change_1d_pct": -0.23682954940718037,
  "change_7d_usd": 1267731998.2592087,
  "change_7d_pct": 5.221971468103592,
  "market_breadth": 0.6219512195121951,
  "protocols_tracked": 140,
  "top3_details": [
    {
      "slug": "tether-gold",
      "name": "Tether Gold",
      "tvl_usd": 3299624668.904218,
      "share_pct": 12.917103800513443,
      "rank_by_tvl": 1
    },
    {
      "slug": "blackrock-buidl",
      "name": "BlackRock BUIDL",
      "tvl_usd": 2833488942.250449,
      "share_pct": 11.092313355994774,
      "rank_by_tvl": 2
    },
    {
      "slug": "ondo-yield-assets",
      "name": "Ondo Yield Assets",
      "tvl_usd": 2785921997.602765,
      "share_pct": 10.906102128009424,
      "rank_by_tvl": 3
    }
  ],
  "top4_10_share_pct": 42.61488905309074,
  "near_top10_focus": {
    "name": "Superstate USTB",
    "slug": "superstate-ustb",
    "rank_by_tvl": 11,
    "tvl_usd": 840883974.9562082,
    "gap_to_top10_usd": 16333465.54799807,
    "gap_to_top10_pct": 1.905405183822543,
    "previous_rank": 11,
    "rank_change": 0
  },
  "biggest_asset_gainer": {
    "name": "Re",
    "slug": "re",
    "tvl_usd": 185352131.2960469,
    "change_1d_usd": 518638.1962996721,
    "change_1d_pct": 0.28059751920599396,
    "rank_by_tvl": 19,
    "previous_rank": 19,
    "rank_change": 0,
    "analytics_category": "Other RWA"
  },
  "category_leader_24h": {
    "category": "Treasury",
    "change_1d_usd": 513438.25450515747,
    "change_1d_pct": 0.008910535905370942
  },
  "top3_concentration": 34.915519284517636,
  "top10_concentration": 77.53040833760838,
  "top3_assets": [
    "Tether Gold",
    "BlackRock BUIDL",
    "Ondo Yield Assets"
  ],
  "largest_capital_increase_category": "Treasury",
  "largest_capital_increase_usd": 513438.25450515747,
  "strongest_category_growth": "Real Estate",
  "strongest_category_growth_pct": 0.009120517656691085,
  "largest_asset_tvl_increase": "Re",
  "largest_asset_tvl_increase_usd": 518638.1962996721,
  "largest_asset_tvl_decline": "xStocks",
  "largest_asset_tvl_decline_usd": -29347037.916044116,
  "new_entrants": 0,
  "new_top10_entrants": 0,
  "market_regime": "Expansion with moderate concentration."
}