{
  "total_rwa_tvl": 25543073453.06062,
  "top500_rwa_tvl": 25543073453.06062,
  "top500_change_1d_usd": -62184174.07795715,
  "top500_change_1d_pct": -0.24285705296731575,
  "top500_change_7d_usd": 1266188640.4441528,
  "top500_change_7d_pct": 5.215614154029047,
  "change_1d_usd": -62184174.07795715,
  "change_1d_pct": -0.24285705296731575,
  "change_7d_usd": 1266188640.4441528,
  "change_7d_pct": 5.215614154029047,
  "market_breadth": 0.6463414634146342,
  "protocols_tracked": 140,
  "top3_details": [
    {
      "slug": "tether-gold",
      "name": "Tether Gold",
      "tvl_usd": 3299044275.340119,
      "share_pct": 12.915612059772789,
      "rank_by_tvl": 1
    },
    {
      "slug": "blackrock-buidl",
      "name": "BlackRock BUIDL",
      "tvl_usd": 2833488942.250449,
      "share_pct": 11.092983573247075,
      "rank_by_tvl": 2
    },
    {
      "slug": "ondo-yield-assets",
      "name": "Ondo Yield Assets",
      "tvl_usd": 2787306628.5219903,
      "share_pct": 10.9121818627038,
      "rank_by_tvl": 3
    }
  ],
  "top4_10_share_pct": 42.60094856397131,
  "near_top10_focus": {
    "name": "Superstate USTB",
    "slug": "superstate-ustb",
    "rank_by_tvl": 11,
    "tvl_usd": 840883974.9562082,
    "gap_to_top10_usd": 16333465.54799807,
    "gap_to_top10_pct": 1.905405183822543,
    "previous_rank": 11,
    "rank_change": 0
  },
  "biggest_asset_gainer": {
    "name": "Dinari",
    "slug": "dinari",
    "tvl_usd": 13054459.951571021,
    "change_1d_usd": 2222023.490865022,
    "change_1d_pct": 20.512684278604134,
    "rank_by_tvl": 50,
    "previous_rank": 55,
    "rank_change": 5,
    "analytics_category": "Other RWA"
  },
  "category_leader_24h": {
    "category": "Treasury",
    "change_1d_usd": 512150.4119949341,
    "change_1d_pct": 0.008888185862643283
  },
  "top3_concentration": 34.92077749572366,
  "top10_concentration": 77.52172605969497,
  "top3_assets": [
    "Tether Gold",
    "BlackRock BUIDL",
    "Ondo Yield Assets"
  ],
  "largest_capital_increase_category": "Treasury",
  "largest_capital_increase_usd": 512150.4119949341,
  "strongest_category_growth": "Treasury",
  "strongest_category_growth_pct": 0.008888185862643283,
  "largest_asset_tvl_increase": "Dinari",
  "largest_asset_tvl_increase_usd": 2222023.490865022,
  "largest_asset_tvl_decline": "xStocks",
  "largest_asset_tvl_decline_usd": -29598254.43329978,
  "new_entrants": 0,
  "new_top10_entrants": 0,
  "market_regime": "Expansion with moderate concentration."
}