{
  "total_rwa_tvl": 25887515047.309574,
  "top500_rwa_tvl": 25887515047.309574,
  "top500_change_1d_usd": -3264698.2731437683,
  "top500_change_1d_pct": -0.012609501549298852,
  "top500_change_7d_usd": 388546335.7660637,
  "top500_change_7d_pct": 1.5237727461117512,
  "change_1d_usd": -3264698.2731424347,
  "change_1d_pct": -0.012609501549289692,
  "change_7d_usd": 388546335.76606137,
  "change_7d_pct": 1.5237727461117456,
  "market_breadth": 0.569620253164557,
  "protocols_tracked": 149,
  "top3_details": [
    {
      "slug": "blackrock-buidl",
      "name": "BlackRock BUIDL",
      "tvl_usd": 3025912949.0204487,
      "share_pct": 11.688696050936432,
      "rank_by_tvl": 1
    },
    {
      "slug": "circle-usyc",
      "name": "Circle USYC",
      "tvl_usd": 3011968984.27931,
      "share_pct": 11.63483238454877,
      "rank_by_tvl": 2
    },
    {
      "slug": "tether-gold",
      "name": "Tether Gold",
      "tvl_usd": 3005124520.925136,
      "share_pct": 11.608393140219347,
      "rank_by_tvl": 3
    }
  ],
  "top4_10_share_pct": 39.76705695623903,
  "near_top10_focus": {
    "name": "Anemoy Capital",
    "slug": "anemoy-capital",
    "rank_by_tvl": 11,
    "tvl_usd": 865824311.1821861,
    "gap_to_top10_usd": 50396300.831905365,
    "gap_to_top10_pct": 5.500454821805544,
    "previous_rank": 11,
    "rank_change": 0
  },
  "biggest_asset_gainer": {
    "name": "Tether Gold",
    "slug": "tether-gold",
    "tvl_usd": 3005124520.925136,
    "change_1d_usd": 9126437.84641695,
    "change_1d_pct": 0.3046209507930886,
    "rank_by_tvl": 3,
    "previous_rank": 3,
    "rank_change": 0,
    "analytics_category": "Commodities"
  },
  "category_leader_24h": {
    "category": "Commodities",
    "change_1d_usd": 17012905.562618066,
    "change_1d_pct": 0.3402925183189207
  },
  "top3_concentration": 34.93192157570455,
  "top10_concentration": 74.69897853194358,
  "top3_assets": [
    "BlackRock BUIDL",
    "Circle USYC",
    "Tether Gold"
  ],
  "largest_capital_increase_category": "Commodities",
  "largest_capital_increase_usd": 17012905.562618066,
  "strongest_category_growth": "Commodities",
  "strongest_category_growth_pct": 0.3402925183189207,
  "largest_asset_tvl_increase": "Tether Gold",
  "largest_asset_tvl_increase_usd": 9126437.84641695,
  "largest_asset_tvl_decline": "Ondo Yield Assets",
  "largest_asset_tvl_decline_usd": -16104921.145915508,
  "new_entrants": 0,
  "new_top10_entrants": 0,
  "market_regime": "Expansion with moderate concentration.",
  "change_1d_usd_raw": -3264698.2731437683,
  "change_1d_pct_raw": -0.012609501549298852,
  "change_7d_usd_raw": 388546335.7660637,
  "change_7d_pct_raw": 1.5237727461117512,
  "flow_basis": "adjusted (coverage artifacts excluded)",
  "coverage_flags": []
}