{
  "total_rwa_tvl": 27256198076.790028,
  "top500_rwa_tvl": 27256198076.790028,
  "top500_change_1d_usd": -15993122.614192963,
  "top500_change_1d_pct": -0.058642602265646104,
  "top500_change_7d_usd": 874882766.9669456,
  "top500_change_7d_pct": 3.31629699540108,
  "change_1d_usd": -15993122.614192963,
  "change_1d_pct": -0.058642602265646104,
  "change_7d_usd": 874882766.9669456,
  "change_7d_pct": 3.31629699540108,
  "market_breadth": 0.6829268292682927,
  "protocols_tracked": 140,
  "top3_details": [
    {
      "slug": "tether-gold",
      "name": "Tether Gold",
      "tvl_usd": 3402794024.6646056,
      "share_pct": 12.484477897752914,
      "rank_by_tvl": 1
    },
    {
      "slug": "blackrock-buidl",
      "name": "BlackRock BUIDL",
      "tvl_usd": 3035208002.400449,
      "share_pct": 11.135845116216245,
      "rank_by_tvl": 2
    },
    {
      "slug": "circle-usyc",
      "name": "Circle USYC",
      "tvl_usd": 2903229271.816143,
      "share_pct": 10.651629635346623,
      "rank_by_tvl": 3
    }
  ],
  "top4_10_share_pct": 42.45624064373183,
  "near_top10_focus": {
    "name": "Ondo Global Markets",
    "slug": "ondo-global-markets",
    "rank_by_tvl": 11,
    "tvl_usd": 811534714.283958,
    "gap_to_top10_usd": 57405367.60773718,
    "gap_to_top10_pct": 6.606366630339444,
    "previous_rank": 11,
    "rank_change": 0
  },
  "biggest_asset_gainer": {
    "name": "xStocks",
    "slug": "xstocks",
    "tvl_usd": 394400365.1565513,
    "change_1d_usd": 14502512.336824358,
    "change_1d_pct": 3.817476784662488,
    "rank_by_tvl": 14,
    "previous_rank": 14,
    "rank_change": 0,
    "analytics_category": "Other RWA"
  },
  "category_leader_24h": {
    "category": "Other RWA",
    "change_1d_usd": 8831971.800785065,
    "change_1d_pct": 0.2979423561002337
  },
  "top3_concentration": 34.27195264931578,
  "top10_concentration": 76.72819329304761,
  "top3_assets": [
    "Tether Gold",
    "BlackRock BUIDL",
    "Circle USYC"
  ],
  "largest_capital_increase_category": "Other RWA",
  "largest_capital_increase_usd": 8831971.800785065,
  "strongest_category_growth": "Other RWA",
  "strongest_category_growth_pct": 0.2979423561002337,
  "largest_asset_tvl_increase": "xStocks",
  "largest_asset_tvl_increase_usd": 14502512.336824358,
  "largest_asset_tvl_decline": "Ondo Global Markets",
  "largest_asset_tvl_decline_usd": -8592707.042127132,
  "new_entrants": 0,
  "new_top10_entrants": 0,
  "market_regime": "Expansion with moderate concentration."
}