{
  "total_rwa_tvl": 26820236896.0988,
  "top500_rwa_tvl": 26820236896.0988,
  "top500_change_1d_usd": 141495177.16817474,
  "top500_change_1d_pct": 0.5303667566441961,
  "top500_change_7d_usd": 460842312.3939667,
  "top500_change_7d_pct": 1.7483038577784882,
  "change_1d_usd": 141495177.16817474,
  "change_1d_pct": 0.5303667566441961,
  "change_7d_usd": 460842312.3939667,
  "change_7d_pct": 1.7483038577784882,
  "market_breadth": 0.5609756097560976,
  "protocols_tracked": 143,
  "top3_details": [
    {
      "slug": "tether-gold",
      "name": "Tether Gold",
      "tvl_usd": 3352536901.2582226,
      "share_pct": 12.500027178156184,
      "rank_by_tvl": 1
    },
    {
      "slug": "circle-usyc",
      "name": "Circle USYC",
      "tvl_usd": 2981197060.842658,
      "share_pct": 11.115476244269471,
      "rank_by_tvl": 2
    },
    {
      "slug": "blackrock-buidl",
      "name": "BlackRock BUIDL",
      "tvl_usd": 2945621753.970449,
      "share_pct": 10.982832722103627,
      "rank_by_tvl": 3
    }
  ],
  "top4_10_share_pct": 40.35586603561227,
  "near_top10_focus": {
    "name": "Blockchain Capital",
    "slug": "blockchain-capital",
    "rank_by_tvl": 11,
    "tvl_usd": 964699191.57,
    "gap_to_top10_usd": 17819181.280983925,
    "gap_to_top10_pct": 1.8136232128950238,
    "previous_rank": 11,
    "rank_change": 0
  },
  "biggest_asset_gainer": {
    "name": "Ethena USDtb",
    "slug": "ethena-usdtb",
    "tvl_usd": 627082093.4430243,
    "change_1d_usd": 95801126.17397392,
    "change_1d_pct": 18.032102046949205,
    "rank_by_tvl": 13,
    "previous_rank": 13,
    "rank_change": 0,
    "analytics_category": "Stablecoins"
  },
  "category_leader_24h": {
    "category": "Stablecoins",
    "change_1d_usd": 95804295.04983902,
    "change_1d_pct": 2.6525267483366255
  },
  "top3_concentration": 34.59833614452928,
  "top10_concentration": 74.95420218014155,
  "top3_assets": [
    "Tether Gold",
    "Circle USYC",
    "BlackRock BUIDL"
  ],
  "largest_capital_increase_category": "Stablecoins",
  "largest_capital_increase_usd": 95804295.04983902,
  "strongest_category_growth": "Stablecoins",
  "strongest_category_growth_pct": 2.6525267483366255,
  "largest_asset_tvl_increase": "Ethena USDtb",
  "largest_asset_tvl_increase_usd": 95801126.17397392,
  "largest_asset_tvl_decline": "DigiFT",
  "largest_asset_tvl_decline_usd": -50439861.40354693,
  "new_entrants": 2,
  "new_top10_entrants": 0,
  "market_regime": "Expansion with moderate concentration."
}