{
  "total_rwa_tvl": 26390521483.96353,
  "top500_rwa_tvl": 26390521483.96353,
  "top500_change_1d_usd": -17738106.106067657,
  "top500_change_1d_pct": -0.06716878121244552,
  "top500_change_7d_usd": null,
  "top500_change_7d_pct": null,
  "change_1d_usd": -17738106.106067657,
  "change_1d_pct": -0.06716878121244552,
  "change_7d_usd": null,
  "change_7d_pct": null,
  "market_breadth": null,
  "protocols_tracked": 139,
  "top3_details": [
    {
      "slug": "tether-gold",
      "name": "Tether Gold",
      "tvl_usd": 3357842557.401737,
      "share_pct": 12.723668834820732,
      "rank_by_tvl": 1
    },
    {
      "slug": "blackrock-buidl",
      "name": "BlackRock BUIDL",
      "tvl_usd": 2983432511.380449,
      "share_pct": 11.304939590501697,
      "rank_by_tvl": 2
    },
    {
      "slug": "ondo-yield-assets",
      "name": "Ondo Yield Assets",
      "tvl_usd": 2814881118.0125155,
      "share_pct": 10.666258034055927,
      "rank_by_tvl": 3
    }
  ],
  "top4_10_share_pct": 42.060901424241756,
  "near_top10_focus": {
    "name": "Blockchain Capital",
    "slug": "blockchain-capital",
    "rank_by_tvl": 11,
    "tvl_usd": 756851939.66,
    "gap_to_top10_usd": 105226725.23744166,
    "gap_to_top10_pct": 12.206162792575327,
    "previous_rank": 11,
    "rank_change": 0
  },
  "biggest_asset_gainer": {
    "name": "Hastra",
    "slug": "hastra",
    "tvl_usd": 359251764.40338594,
    "change_1d_usd": 4115714.795524597,
    "change_1d_pct": 1.158912140873647,
    "rank_by_tvl": 15,
    "previous_rank": 15,
    "rank_change": 0,
    "analytics_category": "Other RWA"
  },
  "category_leader_24h": {
    "category": "Funds",
    "change_1d_usd": 4379099.369557381,
    "change_1d_pct": 0.07208342623490349
  },
  "top3_concentration": 34.69486645937835,
  "top10_concentration": 76.75576788362011,
  "top3_assets": [
    "Tether Gold",
    "BlackRock BUIDL",
    "Ondo Yield Assets"
  ],
  "largest_capital_increase_category": "Funds",
  "largest_capital_increase_usd": 4379099.369557381,
  "strongest_category_growth": "Funds",
  "strongest_category_growth_pct": 0.07208342623490349,
  "largest_asset_tvl_increase": "Hastra",
  "largest_asset_tvl_increase_usd": 4115714.795524597,
  "largest_asset_tvl_decline": "Tether Gold",
  "largest_asset_tvl_decline_usd": -11838463.902412415,
  "new_entrants": 0,
  "new_top10_entrants": 0,
  "market_regime": "Mixed conditions with moderate concentration."
}