{
  "total_rwa_tvl": 26530475204.098064,
  "top500_rwa_tvl": 26530475204.098064,
  "top500_change_1d_usd": 62852501.1380806,
  "top500_change_1d_pct": 0.23746938606259427,
  "top500_change_7d_usd": -725722872.6919632,
  "top500_change_7d_pct": -2.662597588436044,
  "change_1d_usd": 62852501.1380806,
  "change_1d_pct": 0.23746938606259427,
  "change_7d_usd": -725722872.6919632,
  "change_7d_pct": -2.662597588436044,
  "market_breadth": 0.41975308641975306,
  "protocols_tracked": 141,
  "top3_details": [
    {
      "slug": "tether-gold",
      "name": "Tether Gold",
      "tvl_usd": 3355535203.052394,
      "share_pct": 12.647851865593712,
      "rank_by_tvl": 1
    },
    {
      "slug": "circle-usyc",
      "name": "Circle USYC",
      "tvl_usd": 2903370561.90408,
      "share_pct": 10.943530183943357,
      "rank_by_tvl": 2
    },
    {
      "slug": "blackrock-buidl",
      "name": "BlackRock BUIDL",
      "tvl_usd": 2803635946.060449,
      "share_pct": 10.567605459352578,
      "rank_by_tvl": 3
    }
  ],
  "top4_10_share_pct": 42.650746406746606,
  "near_top10_focus": {
    "name": "Ondo Global Markets",
    "slug": "ondo-global-markets",
    "rank_by_tvl": 11,
    "tvl_usd": 830812864.9363497,
    "gap_to_top10_usd": 37865331.8396312,
    "gap_to_top10_pct": 4.3589596216602295,
    "previous_rank": 11,
    "rank_change": 0
  },
  "biggest_asset_gainer": {
    "name": "xStocks",
    "slug": "xstocks",
    "tvl_usd": 396843736.93604636,
    "change_1d_usd": 28435766.5109514,
    "change_1d_pct": 7.718553558474928,
    "rank_by_tvl": 14,
    "previous_rank": 14,
    "rank_change": 0,
    "analytics_category": "Other RWA"
  },
  "category_leader_24h": {
    "category": "Other RWA",
    "change_1d_usd": 33229198.77053213,
    "change_1d_pct": 1.1453047611268197
  },
  "top3_concentration": 34.15898750888965,
  "top10_concentration": 76.80973391563626,
  "top3_assets": [
    "Tether Gold",
    "Circle USYC",
    "BlackRock BUIDL"
  ],
  "largest_capital_increase_category": "Other RWA",
  "largest_capital_increase_usd": 33229198.77053213,
  "strongest_category_growth": "Other RWA",
  "strongest_category_growth_pct": 1.1453047611268197,
  "largest_asset_tvl_increase": "xStocks",
  "largest_asset_tvl_increase_usd": 28435766.5109514,
  "largest_asset_tvl_decline": "MatrixDock XAUM",
  "largest_asset_tvl_decline_usd": -407406.0004577637,
  "new_entrants": 0,
  "new_top10_entrants": 0,
  "market_regime": "Contraction with moderate concentration."
}