{
  "total_rwa_tvl": 26559977313.56931,
  "top500_rwa_tvl": 26559977313.56931,
  "top500_change_1d_usd": 200582729.86447525,
  "top500_change_1d_pct": 0.7609534780001148,
  "top500_change_7d_usd": 426683331.63214874,
  "top500_change_7d_pct": 1.6327192887626962,
  "change_1d_usd": 200582729.86447525,
  "change_1d_pct": 0.7609534780001148,
  "change_7d_usd": 426683331.63214874,
  "change_7d_pct": 1.6327192887626962,
  "market_breadth": 0.6419753086419753,
  "protocols_tracked": 142,
  "top3_details": [
    {
      "slug": "tether-gold",
      "name": "Tether Gold",
      "tvl_usd": 3349814841.9855886,
      "share_pct": 12.612265449015242,
      "rank_by_tvl": 1
    },
    {
      "slug": "circle-usyc",
      "name": "Circle USYC",
      "tvl_usd": 2992493943.091793,
      "share_pct": 11.266929590195653,
      "rank_by_tvl": 2
    },
    {
      "slug": "blackrock-buidl",
      "name": "BlackRock BUIDL",
      "tvl_usd": 2921538635.3504496,
      "share_pct": 10.999778353944059,
      "rank_by_tvl": 3
    }
  ],
  "top4_10_share_pct": 40.96780753455746,
  "near_top10_focus": {
    "name": "Ondo Global Markets",
    "slug": "ondo-global-markets",
    "rank_by_tvl": 11,
    "tvl_usd": 915467513.336301,
    "gap_to_top10_usd": 48320467.13369894,
    "gap_to_top10_pct": 5.013599267977489,
    "previous_rank": 11,
    "rank_change": 0
  },
  "biggest_asset_gainer": {
    "name": "Circle USYC",
    "slug": "circle-usyc",
    "tvl_usd": 2992493943.091793,
    "change_1d_usd": 75275146.51718521,
    "change_1d_pct": 2.5803736972205504,
    "rank_by_tvl": 2,
    "previous_rank": 3,
    "rank_change": 1,
    "analytics_category": "Stablecoins"
  },
  "category_leader_24h": {
    "category": "Commodities",
    "change_1d_usd": 75887179.2891264,
    "change_1d_pct": 1.3454651786710459
  },
  "top3_concentration": 34.87897339315495,
  "top10_concentration": 75.84678092771242,
  "top3_assets": [
    "Tether Gold",
    "Circle USYC",
    "BlackRock BUIDL"
  ],
  "largest_capital_increase_category": "Commodities",
  "largest_capital_increase_usd": 75887179.2891264,
  "strongest_category_growth": "Stablecoins",
  "strongest_category_growth_pct": 2.057423269370662,
  "largest_asset_tvl_increase": "Circle USYC",
  "largest_asset_tvl_increase_usd": 75275146.51718521,
  "largest_asset_tvl_decline": "Hastra",
  "largest_asset_tvl_decline_usd": -2813522.446934104,
  "new_entrants": 0,
  "new_top10_entrants": 0,
  "market_regime": "Expansion with moderate concentration."
}