{
  "total_rwa_tvl": 26488997148.6545,
  "top500_rwa_tvl": 26488997148.6545,
  "top500_change_1d_usd": -63296000.928539276,
  "top500_change_1d_pct": -0.2383824273555546,
  "top500_change_7d_usd": -830245733.910202,
  "top500_change_7d_pct": -3.039051036220586,
  "change_1d_usd": -63296000.928539276,
  "change_1d_pct": -0.2383824273555546,
  "change_7d_usd": -830245733.910202,
  "change_7d_pct": -3.039051036220586,
  "market_breadth": 0.2716049382716049,
  "protocols_tracked": 141,
  "top3_details": [
    {
      "slug": "tether-gold",
      "name": "Tether Gold",
      "tvl_usd": 3351256086.3775406,
      "share_pct": 12.651502310829335,
      "rank_by_tvl": 1
    },
    {
      "slug": "circle-usyc",
      "name": "Circle USYC",
      "tvl_usd": 2903370561.90408,
      "share_pct": 10.960666217790566,
      "rank_by_tvl": 2
    },
    {
      "slug": "blackrock-buidl",
      "name": "BlackRock BUIDL",
      "tvl_usd": 2803635946.0604496,
      "share_pct": 10.584152847790463,
      "rank_by_tvl": 3
    }
  ],
  "top4_10_share_pct": 42.67694546226975,
  "near_top10_focus": {
    "name": "Ondo Global Markets",
    "slug": "ondo-global-markets",
    "rank_by_tvl": 11,
    "tvl_usd": 824651762.9581072,
    "gap_to_top10_usd": 44026433.81787372,
    "gap_to_top10_pct": 5.068209836654559,
    "previous_rank": 11,
    "rank_change": 0
  },
  "biggest_asset_gainer": {
    "name": "BlackRock BUIDL",
    "slug": "blackrock-buidl",
    "tvl_usd": 2803635946.0604496,
    "change_1d_usd": 59909582.240000725,
    "change_1d_pct": 2.1835115567640173,
    "rank_by_tvl": 3,
    "previous_rank": 3,
    "rank_change": 0,
    "analytics_category": "Treasury"
  },
  "category_leader_24h": {
    "category": "Treasury",
    "change_1d_usd": 113932915.65689182,
    "change_1d_pct": 1.9539099148086159
  },
  "top3_concentration": 34.19632137641036,
  "top10_concentration": 76.87326683868011,
  "top3_assets": [
    "Tether Gold",
    "Circle USYC",
    "BlackRock BUIDL"
  ],
  "largest_capital_increase_category": "Treasury",
  "largest_capital_increase_usd": 113932915.65689182,
  "strongest_category_growth": "Treasury",
  "strongest_category_growth_pct": 1.9539099148086159,
  "largest_asset_tvl_increase": "BlackRock BUIDL",
  "largest_asset_tvl_increase_usd": 59909582.240000725,
  "largest_asset_tvl_decline": "Anemoy Capital",
  "largest_asset_tvl_decline_usd": -99908759.68243623,
  "new_entrants": 1,
  "new_top10_entrants": 0,
  "market_regime": "Contraction with moderate concentration."
}