{
  "total_rwa_tvl": 26111039387.94864,
  "top500_rwa_tvl": 26111039387.94864,
  "top500_change_1d_usd": -22254593.988521576,
  "top500_change_1d_pct": -0.08515801339051832,
  "top500_change_7d_usd": -441253761.6343994,
  "top500_change_7d_pct": -1.6618292030318615,
  "change_1d_usd": -22254593.988521576,
  "change_1d_pct": -0.08515801339051832,
  "change_7d_usd": -441253761.6343994,
  "change_7d_pct": -1.6618292030318615,
  "market_breadth": 0.38823529411764707,
  "protocols_tracked": 142,
  "top3_details": [
    {
      "slug": "tether-gold",
      "name": "Tether Gold",
      "tvl_usd": 3288208282.315045,
      "share_pct": 12.593172693970558,
      "rank_by_tvl": 1
    },
    {
      "slug": "circle-usyc",
      "name": "Circle USYC",
      "tvl_usd": 2905819458.7354555,
      "share_pct": 11.128700836308399,
      "rank_by_tvl": 2
    },
    {
      "slug": "blackrock-buidl",
      "name": "BlackRock BUIDL",
      "tvl_usd": 2822390770.480449,
      "share_pct": 10.809185833418425,
      "rank_by_tvl": 3
    }
  ],
  "top4_10_share_pct": 41.83399588692576,
  "near_top10_focus": {
    "name": "Superstate USTB",
    "slug": "superstate-ustb",
    "rank_by_tvl": 11,
    "tvl_usd": 812335893.380201,
    "gap_to_top10_usd": 75572047.18711162,
    "gap_to_top10_pct": 8.511248039839156,
    "previous_rank": 11,
    "rank_change": 0
  },
  "biggest_asset_gainer": {
    "name": "Tether Gold",
    "slug": "tether-gold",
    "tvl_usd": 3288208282.315045,
    "change_1d_usd": 26509375.089123726,
    "change_1d_pct": 0.812747462078578,
    "rank_by_tvl": 1,
    "previous_rank": 1,
    "rank_change": 0,
    "analytics_category": "Commodities"
  },
  "category_leader_24h": {
    "category": "Commodities",
    "change_1d_usd": 51864904.19189072,
    "change_1d_pct": 0.9320729627801949
  },
  "top3_concentration": 34.53105936369739,
  "top10_concentration": 76.36505525062314,
  "top3_assets": [
    "Tether Gold",
    "Circle USYC",
    "BlackRock BUIDL"
  ],
  "largest_capital_increase_category": "Commodities",
  "largest_capital_increase_usd": 51864904.19189072,
  "strongest_category_growth": "Commodities",
  "strongest_category_growth_pct": 0.9320729627801949,
  "largest_asset_tvl_increase": "Tether Gold",
  "largest_asset_tvl_increase_usd": 26509375.089123726,
  "largest_asset_tvl_decline": "Anemoy Capital",
  "largest_asset_tvl_decline_usd": -34909749.238131285,
  "new_entrants": 1,
  "new_top10_entrants": 0,
  "market_regime": "Contraction with moderate concentration."
}