{
  "total_rwa_tvl": 26622513715.043465,
  "top500_rwa_tvl": 26622513715.043465,
  "top500_change_1d_usd": 51435538.8562088,
  "top500_change_1d_pct": 0.19357716128471925,
  "top500_change_7d_usd": 389529297.80942917,
  "top500_change_7d_pct": 1.48488365492081,
  "change_1d_usd": 51435538.8562088,
  "change_1d_pct": 0.19357716128471925,
  "change_7d_usd": 389529297.80942917,
  "change_7d_pct": 1.48488365492081,
  "market_breadth": 0.6419753086419753,
  "protocols_tracked": 142,
  "top3_details": [
    {
      "slug": "tether-gold",
      "name": "Tether Gold",
      "tvl_usd": 3355159947.5851054,
      "share_pct": 12.602716571009672,
      "rank_by_tvl": 1
    },
    {
      "slug": "blackrock-buidl",
      "name": "BlackRock BUIDL",
      "tvl_usd": 2986466199.700449,
      "share_pct": 11.21782199707498,
      "rank_by_tvl": 2
    },
    {
      "slug": "circle-usyc",
      "name": "Circle USYC",
      "tvl_usd": 2983812756.2365804,
      "share_pct": 11.20785508150769,
      "rank_by_tvl": 3
    }
  ],
  "top4_10_share_pct": 40.86255935505775,
  "near_top10_focus": {
    "name": "Ondo Global Markets",
    "slug": "ondo-global-markets",
    "rank_by_tvl": 11,
    "tvl_usd": 944974945.1987374,
    "gap_to_top10_usd": 18813035.271262527,
    "gap_to_top10_pct": 1.951988990575311,
    "previous_rank": 11,
    "rank_change": 0
  },
  "biggest_asset_gainer": {
    "name": "Ondo Global Markets",
    "slug": "ondo-global-markets",
    "tvl_usd": 944974945.1987374,
    "change_1d_usd": 26794551.761381745,
    "change_1d_pct": 2.918223036877543,
    "rank_by_tvl": 11,
    "previous_rank": 11,
    "rank_change": 0,
    "analytics_category": "Treasury"
  },
  "category_leader_24h": {
    "category": "Treasury",
    "change_1d_usd": 59408060.57965374,
    "change_1d_pct": 0.973532977030489
  },
  "top3_concentration": 35.02839364959234,
  "top10_concentration": 75.89095300465009,
  "top3_assets": [
    "Tether Gold",
    "BlackRock BUIDL",
    "Circle USYC"
  ],
  "largest_capital_increase_category": "Treasury",
  "largest_capital_increase_usd": 59408060.57965374,
  "strongest_category_growth": "Treasury",
  "strongest_category_growth_pct": 0.973532977030489,
  "largest_asset_tvl_increase": "Ondo Global Markets",
  "largest_asset_tvl_increase_usd": 26794551.761381745,
  "largest_asset_tvl_decline": "Midas RWA",
  "largest_asset_tvl_decline_usd": -13016011.72999993,
  "new_entrants": 0,
  "new_top10_entrants": 0,
  "market_regime": "Expansion with moderate concentration."
}