{
  "total_rwa_tvl": 26630219711.97312,
  "top500_rwa_tvl": 26630219711.97312,
  "top500_change_1d_usd": -343612541.29966354,
  "top500_change_1d_pct": -1.2738736493698388,
  "top500_change_7d_usd": -310518711.54429626,
  "top500_change_7d_pct": -1.1525991109183398,
  "change_1d_usd": -343612541.29966354,
  "change_1d_pct": -1.2738736493698388,
  "change_7d_usd": -310518711.54429626,
  "change_7d_pct": -1.1525991109183398,
  "market_breadth": 0.524390243902439,
  "protocols_tracked": 145,
  "top3_details": [
    {
      "slug": "tether-gold",
      "name": "Tether Gold",
      "tvl_usd": 3204010534.250046,
      "share_pct": 12.031483663687165,
      "rank_by_tvl": 1
    },
    {
      "slug": "blackrock-buidl",
      "name": "BlackRock BUIDL",
      "tvl_usd": 3030707592.600449,
      "share_pct": 11.38070817807719,
      "rank_by_tvl": 2
    },
    {
      "slug": "circle-usyc",
      "name": "Circle USYC",
      "tvl_usd": 2986583666.5296006,
      "share_pct": 11.215016995097539,
      "rank_by_tvl": 3
    }
  ],
  "top4_10_share_pct": 40.08364182498924,
  "near_top10_focus": {
    "name": "WisdomTree",
    "slug": "wisdomtree",
    "rank_by_tvl": 11,
    "tvl_usd": 954390553.4588681,
    "gap_to_top10_usd": 22063261.301131845,
    "gap_to_top10_pct": 2.2595294285940923,
    "previous_rank": 11,
    "rank_change": 0
  },
  "biggest_asset_gainer": {
    "name": "Ondo Global Markets",
    "slug": "ondo-global-markets",
    "tvl_usd": 1141445208.125125,
    "change_1d_usd": 50970299.576514006,
    "change_1d_pct": 4.674137770336584,
    "rank_by_tvl": 8,
    "previous_rank": 8,
    "rank_change": 0,
    "analytics_category": "Treasury"
  },
  "category_leader_24h": {
    "category": "Stablecoins",
    "change_1d_usd": 994689.5319466591,
    "change_1d_pct": 0.023850856636720152
  },
  "top3_concentration": 34.6272088368619,
  "top10_concentration": 74.71085066185114,
  "top3_assets": [
    "Tether Gold",
    "BlackRock BUIDL",
    "Circle USYC"
  ],
  "largest_capital_increase_category": "Stablecoins",
  "largest_capital_increase_usd": 994689.5319466591,
  "strongest_category_growth": "Stablecoins",
  "strongest_category_growth_pct": 0.023850856636720152,
  "largest_asset_tvl_increase": "Ondo Global Markets",
  "largest_asset_tvl_increase_usd": 50970299.576514006,
  "largest_asset_tvl_decline": "Superstate USTB",
  "largest_asset_tvl_decline_usd": -114700094.03173625,
  "new_entrants": 0,
  "new_top10_entrants": 0,
  "market_regime": "Contraction with moderate concentration."
}