{
  "total_rwa_tvl": 27224712085.762825,
  "top500_rwa_tvl": 27224712085.762825,
  "top500_change_1d_usd": 372965632.341053,
  "top500_change_1d_pct": 1.3889809103777129,
  "top500_change_7d_usd": 602198370.7193604,
  "top500_change_7d_pct": 2.2619891463482533,
  "change_1d_usd": 372965632.341053,
  "change_1d_pct": 1.3889809103777129,
  "change_7d_usd": 602198370.7193604,
  "change_7d_pct": 2.2619891463482533,
  "market_breadth": 0.4634146341463415,
  "protocols_tracked": 144,
  "top3_details": [
    {
      "slug": "tether-gold",
      "name": "Tether Gold",
      "tvl_usd": 3239504482.0233493,
      "share_pct": 11.899132199519014,
      "rank_by_tvl": 1
    },
    {
      "slug": "blackrock-buidl",
      "name": "BlackRock BUIDL",
      "tvl_usd": 3225558400.6404486,
      "share_pct": 11.847906381817186,
      "rank_by_tvl": 2
    },
    {
      "slug": "circle-usyc",
      "name": "Circle USYC",
      "tvl_usd": 2974735588.695568,
      "share_pct": 10.926600727032875,
      "rank_by_tvl": 3
    }
  ],
  "top4_10_share_pct": 39.59745444451359,
  "near_top10_focus": {
    "name": "Blockchain Capital",
    "slug": "blockchain-capital",
    "rank_by_tvl": 11,
    "tvl_usd": 964699191.57,
    "gap_to_top10_usd": 53326876.22529435,
    "gap_to_top10_pct": 5.23826235027386,
    "previous_rank": 10,
    "rank_change": -1
  },
  "biggest_asset_gainer": {
    "name": "Ethena USDtb",
    "slug": "ethena-usdtb",
    "tvl_usd": 1076326318.8556914,
    "change_1d_usd": 264767283.78417575,
    "change_1d_pct": 32.6245254309619,
    "rank_by_tvl": 8,
    "previous_rank": 13,
    "rank_change": 5,
    "analytics_category": "Stablecoins"
  },
  "category_leader_24h": {
    "category": "Treasury",
    "change_1d_usd": 258511417.58491135,
    "change_1d_pct": 4.133938109679569
  },
  "top3_concentration": 34.673639308369076,
  "top10_concentration": 74.27109375288266,
  "top3_assets": [
    "Tether Gold",
    "BlackRock BUIDL",
    "Circle USYC"
  ],
  "largest_capital_increase_category": "Treasury",
  "largest_capital_increase_usd": 258511417.58491135,
  "strongest_category_growth": "Stablecoins",
  "strongest_category_growth_pct": 6.620918320258218,
  "largest_asset_tvl_increase": "Ethena USDtb",
  "largest_asset_tvl_increase_usd": 264767283.78417575,
  "largest_asset_tvl_decline": "Tether Gold",
  "largest_asset_tvl_decline_usd": -52152249.76403904,
  "new_entrants": 0,
  "new_top10_entrants": 1,
  "market_regime": "Expansion with moderate concentration."
}