{
  "total_rwa_tvl": 25498968711.54351,
  "top500_rwa_tvl": 25498968711.54351,
  "top500_change_1d_usd": -45578070.442466736,
  "top500_change_1d_pct": -0.17842583323736116,
  "top500_change_7d_usd": -1049244266.7886086,
  "top500_change_7d_pct": -3.952221822406543,
  "change_1d_usd": -45578070.442466736,
  "change_1d_pct": -0.17842583323736116,
  "change_7d_usd": -1049244266.7886086,
  "change_7d_pct": -3.952221822406543,
  "market_breadth": 0.4074074074074074,
  "protocols_tracked": 149,
  "top3_details": [
    {
      "slug": "tether-gold",
      "name": "Tether Gold",
      "tvl_usd": 3069556889.422321,
      "share_pct": 12.037964845349675,
      "rank_by_tvl": 1
    },
    {
      "slug": "blackrock-buidl",
      "name": "BlackRock BUIDL",
      "tvl_usd": 2950279206.3204484,
      "share_pct": 11.570190307284241,
      "rank_by_tvl": 2
    },
    {
      "slug": "circle-usyc",
      "name": "Circle USYC",
      "tvl_usd": 2828866181.382893,
      "share_pct": 11.094041540990837,
      "rank_by_tvl": 3
    }
  ],
  "top4_10_share_pct": 39.88805100871012,
  "near_top10_focus": {
    "name": "WisdomTree",
    "slug": "wisdomtree",
    "rank_by_tvl": 11,
    "tvl_usd": 893011492.0536803,
    "gap_to_top10_usd": 82531111.60631967,
    "gap_to_top10_pct": 8.460021253472979,
    "previous_rank": 11,
    "rank_change": 0
  },
  "biggest_asset_gainer": {
    "name": "Ondo Yield Assets",
    "slug": "ondo-yield-assets",
    "tvl_usd": 2649880134.4434686,
    "change_1d_usd": 27467351.468602657,
    "change_1d_pct": 1.0474076257912301,
    "rank_by_tvl": 4,
    "previous_rank": 4,
    "rank_change": 0,
    "analytics_category": "Funds"
  },
  "category_leader_24h": {
    "category": "Funds",
    "change_1d_usd": 27301437.051667213,
    "change_1d_pct": 0.48633662236914343
  },
  "top3_concentration": 34.70219669362475,
  "top10_concentration": 74.59024770233486,
  "top3_assets": [
    "Tether Gold",
    "BlackRock BUIDL",
    "Circle USYC"
  ],
  "largest_capital_increase_category": "Funds",
  "largest_capital_increase_usd": 27301437.051667213,
  "strongest_category_growth": "Funds",
  "strongest_category_growth_pct": 0.48633662236914343,
  "largest_asset_tvl_increase": "Ondo Yield Assets",
  "largest_asset_tvl_increase_usd": 27467351.468602657,
  "largest_asset_tvl_decline": "Midas RWA",
  "largest_asset_tvl_decline_usd": -62596350.65999992,
  "new_entrants": 0,
  "new_top10_entrants": 0,
  "market_regime": "Contraction with moderate concentration."
}