{
  "total_rwa_tvl": 25987900495.437458,
  "top500_rwa_tvl": 25987900495.437458,
  "top500_change_1d_usd": 7365354.663105011,
  "top500_change_1d_pct": 0.028349510982716986,
  "top500_change_7d_usd": 97120749.85474014,
  "top500_change_7d_pct": 0.3751171297624145,
  "change_1d_usd": 7365354.66311154,
  "change_1d_pct": 0.02834951098275189,
  "change_7d_usd": 97120749.85474646,
  "change_7d_pct": 0.37511712976244543,
  "market_breadth": 0.44871794871794873,
  "protocols_tracked": 149,
  "top3_details": [
    {
      "slug": "circle-usyc",
      "name": "Circle USYC",
      "tvl_usd": 3071600595.4369097,
      "share_pct": 11.819348761844662,
      "rank_by_tvl": 1
    },
    {
      "slug": "blackrock-buidl",
      "name": "BlackRock BUIDL",
      "tvl_usd": 3027264890.4804487,
      "share_pct": 11.648747427719018,
      "rank_by_tvl": 2
    },
    {
      "slug": "tether-gold",
      "name": "Tether Gold",
      "tvl_usd": 2957444893.896469,
      "share_pct": 11.380083952590516,
      "rank_by_tvl": 3
    }
  ],
  "top4_10_share_pct": 39.359713352045446,
  "near_top10_focus": {
    "name": "Anemoy Capital",
    "slug": "anemoy-capital",
    "rank_by_tvl": 11,
    "tvl_usd": 868571637.9810224,
    "gap_to_top10_usd": 48090802.8420068,
    "gap_to_top10_pct": 5.246293586418603,
    "previous_rank": 11,
    "rank_change": 0
  },
  "biggest_asset_gainer": {
    "name": "Ondo Yield Assets",
    "slug": "ondo-yield-assets",
    "tvl_usd": 2642824485.2608137,
    "change_1d_usd": 9607863.053872108,
    "change_1d_pct": 0.36487173037134113,
    "rank_by_tvl": 4,
    "previous_rank": 4,
    "rank_change": 0,
    "analytics_category": "Funds"
  },
  "category_leader_24h": {
    "category": "Other RWA",
    "change_1d_usd": 8458523.083581315,
    "change_1d_pct": 0.27188428240510837
  },
  "top3_concentration": 34.84818014215419,
  "top10_concentration": 74.20789349419964,
  "top3_assets": [
    "Circle USYC",
    "BlackRock BUIDL",
    "Tether Gold"
  ],
  "largest_capital_increase_category": "Other RWA",
  "largest_capital_increase_usd": 8458523.083581315,
  "strongest_category_growth": "Other RWA",
  "strongest_category_growth_pct": 0.27188428240510837,
  "largest_asset_tvl_increase": "Ondo Yield Assets",
  "largest_asset_tvl_increase_usd": 9607863.053872108,
  "largest_asset_tvl_decline": "Invesco USTB",
  "largest_asset_tvl_decline_usd": -7415686.560464382,
  "new_entrants": 0,
  "new_top10_entrants": 0,
  "market_regime": "Expansion with moderate concentration.",
  "change_1d_usd_raw": 7365354.663105011,
  "change_1d_pct_raw": 0.028349510982716986,
  "change_7d_usd_raw": 97120749.85474014,
  "change_7d_pct_raw": 0.3751171297624145,
  "flow_basis": "adjusted (coverage artifacts excluded)",
  "coverage_flags": []
}