{
  "total_rwa_tvl": 26940738423.517418,
  "top500_rwa_tvl": 26940738423.517418,
  "top500_change_1d_usd": -155162644.3671646,
  "top500_change_1d_pct": -0.5726424966581822,
  "top500_change_7d_usd": 119479497.31946945,
  "top500_change_7d_pct": 0.4454656571051707,
  "change_1d_usd": -155162644.3671646,
  "change_1d_pct": -0.5726424966581822,
  "change_7d_usd": 119479497.31946945,
  "change_7d_pct": 0.4454656571051707,
  "market_breadth": 0.3855421686746988,
  "protocols_tracked": 145,
  "top3_details": [
    {
      "slug": "tether-gold",
      "name": "Tether Gold",
      "tvl_usd": 3185519433.1955733,
      "share_pct": 11.824172682716199,
      "rank_by_tvl": 1
    },
    {
      "slug": "blackrock-buidl",
      "name": "BlackRock BUIDL",
      "tvl_usd": 3130373014.4404488,
      "share_pct": 11.61947740715172,
      "rank_by_tvl": 2
    },
    {
      "slug": "circle-usyc",
      "name": "Circle USYC",
      "tvl_usd": 2975652512.0355425,
      "share_pct": 11.04517799496543,
      "rank_by_tvl": 3
    }
  ],
  "top4_10_share_pct": 39.43308278375588,
  "near_top10_focus": {
    "name": "Blockchain Capital",
    "slug": "blockchain-capital",
    "rank_by_tvl": 11,
    "tvl_usd": 963514617.14,
    "gap_to_top10_usd": 50106369.48617637,
    "gap_to_top10_pct": 4.943304267303575,
    "previous_rank": 11,
    "rank_change": 0
  },
  "biggest_asset_gainer": {
    "name": "Superstate USTB",
    "slug": "superstate-ustb",
    "tvl_usd": 908616917.0605962,
    "change_1d_usd": 13918574.628945827,
    "change_1d_pct": 1.5556723388038707,
    "rank_by_tvl": 13,
    "previous_rank": 13,
    "rank_change": 0,
    "analytics_category": "Treasury"
  },
  "category_leader_24h": {
    "category": "Other RWA",
    "change_1d_usd": 1012373.5139226913,
    "change_1d_pct": 0.0328085612225415
  },
  "top3_concentration": 34.48882808483336,
  "top10_concentration": 73.92191086858924,
  "top3_assets": [
    "Tether Gold",
    "BlackRock BUIDL",
    "Circle USYC"
  ],
  "largest_capital_increase_category": "Other RWA",
  "largest_capital_increase_usd": 1012373.5139226913,
  "strongest_category_growth": "Other RWA",
  "strongest_category_growth_pct": 0.0328085612225415,
  "largest_asset_tvl_increase": "Superstate USTB",
  "largest_asset_tvl_increase_usd": 13918574.628945827,
  "largest_asset_tvl_decline": "Tether Gold",
  "largest_asset_tvl_decline_usd": -56226989.47779131,
  "new_entrants": 0,
  "new_top10_entrants": 0,
  "market_regime": "Expansion with moderate concentration."
}