{
  "total_rwa_tvl": 26904048895.503002,
  "top500_rwa_tvl": 26904048895.503002,
  "top500_change_1d_usd": 37421300.60417175,
  "top500_change_1d_pct": 0.13928544054140346,
  "top500_change_7d_usd": -285364130.3880615,
  "top500_change_7d_pct": -1.0495413421257926,
  "change_1d_usd": 37421300.60417175,
  "change_1d_pct": 0.13928544054140346,
  "change_7d_usd": -285364130.3880615,
  "change_7d_pct": -1.0495413421257926,
  "market_breadth": 0.4268292682926829,
  "protocols_tracked": 145,
  "top3_details": [
    {
      "slug": "tether-gold",
      "name": "Tether Gold",
      "tvl_usd": 3219591815.973705,
      "share_pct": 11.96694158741236,
      "rank_by_tvl": 1
    },
    {
      "slug": "blackrock-buidl",
      "name": "BlackRock BUIDL",
      "tvl_usd": 3054831568.7104487,
      "share_pct": 11.354542138157733,
      "rank_by_tvl": 2
    },
    {
      "slug": "circle-usyc",
      "name": "Circle USYC",
      "tvl_usd": 2985476933.2019,
      "share_pct": 11.096757015264423,
      "rank_by_tvl": 3
    }
  ],
  "top4_10_share_pct": 39.57030734007885,
  "near_top10_focus": {
    "name": "WisdomTree",
    "slug": "wisdomtree",
    "rank_by_tvl": 11,
    "tvl_usd": 961893554.1160432,
    "gap_to_top10_usd": 1621063.0239567757,
    "gap_to_top10_pct": 0.16824477751760283,
    "previous_rank": 11,
    "rank_change": 0
  },
  "biggest_asset_gainer": {
    "name": "Paxos Gold",
    "slug": "paxos-gold",
    "tvl_usd": 2133109297.6248906,
    "change_1d_usd": 16486658.389832973,
    "change_1d_pct": 0.7789134484449844,
    "rank_by_tvl": 5,
    "previous_rank": 5,
    "rank_change": 0,
    "analytics_category": "Commodities"
  },
  "category_leader_24h": {
    "category": "Commodities",
    "change_1d_usd": 27456893.186411858,
    "change_1d_pct": 0.4990117560078833
  },
  "top3_concentration": 34.41824074083451,
  "top10_concentration": 73.98854808091336,
  "top3_assets": [
    "Tether Gold",
    "BlackRock BUIDL",
    "Circle USYC"
  ],
  "largest_capital_increase_category": "Commodities",
  "largest_capital_increase_usd": 27456893.186411858,
  "strongest_category_growth": "Commodities",
  "strongest_category_growth_pct": 0.4990117560078833,
  "largest_asset_tvl_increase": "Paxos Gold",
  "largest_asset_tvl_increase_usd": 16486658.389832973,
  "largest_asset_tvl_decline": "Midas RWA",
  "largest_asset_tvl_decline_usd": -3325815.6700000167,
  "new_entrants": 0,
  "new_top10_entrants": 0,
  "market_regime": "Contraction with moderate concentration."
}