{
  "total_rwa_tvl": 25568584475.50461,
  "top500_rwa_tvl": 25568584475.50461,
  "top500_change_1d_usd": -13051730.661563873,
  "top500_change_1d_pct": -0.05101992130752686,
  "top500_change_7d_usd": 898773089.453907,
  "top500_change_7d_pct": 3.6432102191186866,
  "change_1d_usd": -13051730.661563873,
  "change_1d_pct": -0.05101992130752686,
  "change_7d_usd": 898773089.453907,
  "change_7d_pct": 3.6432102191186866,
  "market_breadth": 0.6867469879518072,
  "protocols_tracked": 140,
  "top3_details": [
    {
      "slug": "tether-gold",
      "name": "Tether Gold",
      "tvl_usd": 3294945668.8074775,
      "share_pct": 12.886695671260659,
      "rank_by_tvl": 1
    },
    {
      "slug": "blackrock-buidl",
      "name": "BlackRock BUIDL",
      "tvl_usd": 2883110885.0104494,
      "share_pct": 11.2759894384163,
      "rank_by_tvl": 2
    },
    {
      "slug": "ondo-yield-assets",
      "name": "Ondo Yield Assets",
      "tvl_usd": 2784915812.8664417,
      "share_pct": 10.891943648794738,
      "rank_by_tvl": 3
    }
  ],
  "top4_10_share_pct": 42.49946468667844,
  "near_top10_focus": {
    "name": "Superstate USTB",
    "slug": "superstate-ustb",
    "rank_by_tvl": 11,
    "tvl_usd": 842583459.4704459,
    "gap_to_top10_usd": 19496109.457494617,
    "gap_to_top10_pct": 2.261520880461123,
    "previous_rank": 11,
    "rank_change": 0
  },
  "biggest_asset_gainer": {
    "name": "BlackRock BUIDL",
    "slug": "blackrock-buidl",
    "tvl_usd": 2883110885.0104494,
    "change_1d_usd": 49621942.76000023,
    "change_1d_pct": 1.7512665046996334,
    "rank_by_tvl": 2,
    "previous_rank": 2,
    "rank_change": 0,
    "analytics_category": "Treasury"
  },
  "category_leader_24h": {
    "category": "Treasury",
    "change_1d_usd": 30709237.034528732,
    "change_1d_pct": 0.5325428993130821
  },
  "top3_concentration": 35.054628758471694,
  "top10_concentration": 77.55409344515013,
  "top3_assets": [
    "Tether Gold",
    "BlackRock BUIDL",
    "Ondo Yield Assets"
  ],
  "largest_capital_increase_category": "Treasury",
  "largest_capital_increase_usd": 30709237.034528732,
  "strongest_category_growth": "Treasury",
  "strongest_category_growth_pct": 0.5325428993130821,
  "largest_asset_tvl_increase": "BlackRock BUIDL",
  "largest_asset_tvl_increase_usd": 49621942.76000023,
  "largest_asset_tvl_decline": "Circle USYC",
  "largest_asset_tvl_decline_usd": -19224116.985065937,
  "new_entrants": 0,
  "new_top10_entrants": 0,
  "market_regime": "Expansion with moderate concentration."
}