{
  "total_rwa_tvl": 25882889797.16347,
  "top500_rwa_tvl": 25882889797.16347,
  "top500_change_1d_usd": 173128872.3260002,
  "top500_change_1d_pct": 0.6733974416648358,
  "top500_change_7d_usd": -7423971.938777924,
  "top500_change_7d_pct": -0.028674708251852365,
  "change_1d_usd": 173128872.3260002,
  "change_1d_pct": 0.6733974416648358,
  "change_7d_usd": -7423971.938777924,
  "change_7d_pct": -0.028674708251852365,
  "market_breadth": 0.3625,
  "protocols_tracked": 149,
  "top3_details": [
    {
      "slug": "blackrock-buidl",
      "name": "BlackRock BUIDL",
      "tvl_usd": 3025679890.7104487,
      "share_pct": 11.689884376983423,
      "rank_by_tvl": 1
    },
    {
      "slug": "circle-usyc",
      "name": "Circle USYC",
      "tvl_usd": 3011681810.3281813,
      "share_pct": 11.635802006382741,
      "rank_by_tvl": 2
    },
    {
      "slug": "tether-gold",
      "name": "Tether Gold",
      "tvl_usd": 2979693220.490623,
      "share_pct": 11.51221229098294,
      "rank_by_tvl": 3
    }
  ],
  "top4_10_share_pct": 40.069416777116345,
  "near_top10_focus": {
    "name": "Anemoy Capital",
    "slug": "anemoy-capital",
    "rank_by_tvl": 11,
    "tvl_usd": 865721985.8828981,
    "gap_to_top10_usd": 108909406.67710185,
    "gap_to_top10_pct": 11.174420145757537,
    "previous_rank": 12,
    "rank_change": 1
  },
  "biggest_asset_gainer": {
    "name": "Tether Gold",
    "slug": "tether-gold",
    "tvl_usd": 2979693220.490623,
    "change_1d_usd": 80533775.29865456,
    "change_1d_pct": 2.7778318792439416,
    "rank_by_tvl": 3,
    "previous_rank": 3,
    "rank_change": 0,
    "analytics_category": "Commodities"
  },
  "category_leader_24h": {
    "category": "Commodities",
    "change_1d_usd": 134992943.5365057,
    "change_1d_pct": 2.789351509019755
  },
  "top3_concentration": 34.837898674349105,
  "top10_concentration": 74.90731545146545,
  "top3_assets": [
    "BlackRock BUIDL",
    "Circle USYC",
    "Tether Gold"
  ],
  "largest_capital_increase_category": "Commodities",
  "largest_capital_increase_usd": 134992943.5365057,
  "strongest_category_growth": "Commodities",
  "strongest_category_growth_pct": 2.789351509019755,
  "largest_asset_tvl_increase": "Tether Gold",
  "largest_asset_tvl_increase_usd": 80533775.29865456,
  "largest_asset_tvl_decline": "WisdomTree",
  "largest_asset_tvl_decline_usd": -79998203.5679661,
  "new_entrants": 0,
  "new_top10_entrants": 0,
  "market_regime": "Contraction with moderate concentration."
}