{
  "total_rwa_tvl": 26467622702.959984,
  "top500_rwa_tvl": 26467622702.959984,
  "top500_change_1d_usd": -21374445.69451523,
  "top500_change_1d_pct": -0.08069178902683216,
  "top500_change_7d_usd": -804568496.4442368,
  "top500_change_7d_pct": -2.95014247502714,
  "change_1d_usd": -21374445.69451523,
  "change_1d_pct": -0.08069178902683216,
  "change_7d_usd": -804568496.4442368,
  "change_7d_pct": -2.95014247502714,
  "market_breadth": 0.3048780487804878,
  "protocols_tracked": 141,
  "top3_details": [
    {
      "slug": "tether-gold",
      "name": "Tether Gold",
      "tvl_usd": 3348130229.790628,
      "share_pct": 12.649909163984693,
      "rank_by_tvl": 1
    },
    {
      "slug": "circle-usyc",
      "name": "Circle USYC",
      "tvl_usd": 2903370561.90408,
      "share_pct": 10.969517717884743,
      "rank_by_tvl": 2
    },
    {
      "slug": "blackrock-buidl",
      "name": "BlackRock BUIDL",
      "tvl_usd": 2803635946.060449,
      "share_pct": 10.592700287158419,
      "rank_by_tvl": 3
    }
  ],
  "top4_10_share_pct": 42.691594069738386,
  "near_top10_focus": {
    "name": "Ondo Global Markets",
    "slug": "ondo-global-markets",
    "rank_by_tvl": 11,
    "tvl_usd": 824651762.8306845,
    "gap_to_top10_usd": 44026433.94529641,
    "gap_to_top10_pct": 5.068209851323132,
    "previous_rank": 11,
    "rank_change": 0
  },
  "biggest_asset_gainer": {
    "name": "eva Markets",
    "slug": "eva-markets",
    "tvl_usd": 6111765.020127847,
    "change_1d_usd": 6111765.020127847,
    "change_1d_pct": null,
    "rank_by_tvl": 62,
    "previous_rank": 128,
    "rank_change": 66,
    "analytics_category": "Funds"
  },
  "category_leader_24h": {
    "category": "Treasury",
    "change_1d_usd": 4926733.668087959,
    "change_1d_pct": 0.0828725161862609
  },
  "top3_concentration": 34.21212716902786,
  "top10_concentration": 76.90372123876624,
  "top3_assets": [
    "Tether Gold",
    "Circle USYC",
    "BlackRock BUIDL"
  ],
  "largest_capital_increase_category": "Treasury",
  "largest_capital_increase_usd": 4926733.668087959,
  "strongest_category_growth": "Treasury",
  "strongest_category_growth_pct": 0.0828725161862609,
  "largest_asset_tvl_increase": "eva Markets",
  "largest_asset_tvl_increase_usd": 6111765.020127847,
  "largest_asset_tvl_decline": "xStocks",
  "largest_asset_tvl_decline_usd": -22570892.798820436,
  "new_entrants": 1,
  "new_top10_entrants": 0,
  "market_regime": "Contraction with moderate concentration."
}