{
  "total_rwa_tvl": 26824974978.039673,
  "top500_rwa_tvl": 26824974978.039673,
  "top500_change_1d_usd": 146233259.10904694,
  "top500_change_1d_pct": 0.5481265220439013,
  "top500_change_7d_usd": 465580394.33483887,
  "top500_change_7d_pct": 1.7662787848043315,
  "change_1d_usd": 146233259.10904694,
  "change_1d_pct": 0.5481265220439013,
  "change_7d_usd": 465580394.33483887,
  "change_7d_pct": 1.7662787848043315,
  "market_breadth": 0.5121951219512195,
  "protocols_tracked": 143,
  "top3_details": [
    {
      "slug": "tether-gold",
      "name": "Tether Gold",
      "tvl_usd": 3355088533.357056,
      "share_pct": 12.507331455495137,
      "rank_by_tvl": 1
    },
    {
      "slug": "circle-usyc",
      "name": "Circle USYC",
      "tvl_usd": 2981197060.842658,
      "share_pct": 11.113512923248658,
      "rank_by_tvl": 2
    },
    {
      "slug": "blackrock-buidl",
      "name": "BlackRock BUIDL",
      "tvl_usd": 2945621753.970449,
      "share_pct": 10.980892829841924,
      "rank_by_tvl": 3
    }
  ],
  "top4_10_share_pct": 40.36038439691464,
  "near_top10_focus": {
    "name": "Blockchain Capital",
    "slug": "blockchain-capital",
    "rank_by_tvl": 11,
    "tvl_usd": 964699191.57,
    "gap_to_top10_usd": 17819181.280983925,
    "gap_to_top10_pct": 1.8136232128950238,
    "previous_rank": 11,
    "rank_change": 0
  },
  "biggest_asset_gainer": {
    "name": "Ethena USDtb",
    "slug": "ethena-usdtb",
    "tvl_usd": 627041276.526792,
    "change_1d_usd": 95760309.25774169,
    "change_1d_pct": 18.024419310554162,
    "rank_by_tvl": 13,
    "previous_rank": 13,
    "rank_change": 0,
    "analytics_category": "Stablecoins"
  },
  "category_leader_24h": {
    "category": "Stablecoins",
    "change_1d_usd": 95770580.6671176,
    "change_1d_pct": 2.6515933006041825
  },
  "top3_concentration": 34.601737208585725,
  "top10_concentration": 74.96212160550037,
  "top3_assets": [
    "Tether Gold",
    "Circle USYC",
    "BlackRock BUIDL"
  ],
  "largest_capital_increase_category": "Stablecoins",
  "largest_capital_increase_usd": 95770580.6671176,
  "strongest_category_growth": "Stablecoins",
  "strongest_category_growth_pct": 2.6515933006041825,
  "largest_asset_tvl_increase": "Ethena USDtb",
  "largest_asset_tvl_increase_usd": 95760309.25774169,
  "largest_asset_tvl_decline": "DigiFT",
  "largest_asset_tvl_decline_usd": -50439861.40354693,
  "new_entrants": 2,
  "new_top10_entrants": 0,
  "market_regime": "Expansion with moderate concentration."
}