{
  "total_rwa_tvl": 27101116171.177357,
  "top500_rwa_tvl": 27101116171.177357,
  "top500_change_1d_usd": -134097443.43310547,
  "top500_change_1d_pct": -0.49236787833074613,
  "top500_change_7d_usd": null,
  "top500_change_7d_pct": null,
  "change_1d_usd": -134097443.43310547,
  "change_1d_pct": -0.49236787833074613,
  "change_7d_usd": null,
  "change_7d_pct": null,
  "market_breadth": null,
  "protocols_tracked": 140,
  "top3_details": [
    {
      "slug": "tether-gold",
      "name": "Tether Gold",
      "tvl_usd": 3343701160.6876254,
      "share_pct": 12.33787250520599,
      "rank_by_tvl": 1
    },
    {
      "slug": "blackrock-buidl",
      "name": "BlackRock BUIDL",
      "tvl_usd": 3043388807.910449,
      "share_pct": 11.229754482020784,
      "rank_by_tvl": 2
    },
    {
      "slug": "circle-usyc",
      "name": "Circle USYC",
      "tvl_usd": 2904127224.6515627,
      "share_pct": 10.715895265377176,
      "rank_by_tvl": 3
    }
  ],
  "top4_10_share_pct": 42.47718673149579,
  "near_top10_focus": {
    "name": "Ondo Global Markets",
    "slug": "ondo-global-markets",
    "rank_by_tvl": 11,
    "tvl_usd": 810825792.7703602,
    "gap_to_top10_usd": 57909481.36839974,
    "gap_to_top10_pct": 6.6659525740807055,
    "previous_rank": 11,
    "rank_change": 0
  },
  "biggest_asset_gainer": {
    "name": "Midas RWA",
    "slug": "midas-rwa",
    "tvl_usd": 223850625.54000008,
    "change_1d_usd": 42933722.7100001,
    "change_1d_pct": 23.73118378570913,
    "rank_by_tvl": 17,
    "previous_rank": 19,
    "rank_change": 2,
    "analytics_category": "Other RWA"
  },
  "category_leader_24h": {
    "category": "Stablecoins",
    "change_1d_usd": 1129136.1045708656,
    "change_1d_pct": 0.02905330656810534
  },
  "top3_concentration": 34.28352225260395,
  "top10_concentration": 76.76070898409975,
  "top3_assets": [
    "Tether Gold",
    "BlackRock BUIDL",
    "Circle USYC"
  ],
  "largest_capital_increase_category": "Stablecoins",
  "largest_capital_increase_usd": 1129136.1045708656,
  "strongest_category_growth": "Stablecoins",
  "strongest_category_growth_pct": 0.02905330656810534,
  "largest_asset_tvl_increase": "Midas RWA",
  "largest_asset_tvl_increase_usd": 42933722.7100001,
  "largest_asset_tvl_decline": "Re",
  "largest_asset_tvl_decline_usd": -60383044.52461976,
  "new_entrants": 1,
  "new_top10_entrants": 0,
  "market_regime": "Mixed conditions with moderate concentration."
}