{
  "total_rwa_tvl": 26973832253.272785,
  "top500_rwa_tvl": 26973832253.272785,
  "top500_change_1d_usd": 44728536.48849487,
  "top500_change_1d_pct": 0.16609738281270214,
  "top500_change_7d_usd": -122068814.61179733,
  "top500_change_7d_pct": -0.45050657037007946,
  "change_1d_usd": 44728536.48849487,
  "change_1d_pct": 0.16609738281270214,
  "change_7d_usd": -122068814.61179733,
  "change_7d_pct": -0.45050657037007946,
  "market_breadth": 0.5,
  "protocols_tracked": 145,
  "top3_details": [
    {
      "slug": "tether-gold",
      "name": "Tether Gold",
      "tvl_usd": 3229007303.664179,
      "share_pct": 11.970888205076598,
      "rank_by_tvl": 1
    },
    {
      "slug": "blackrock-buidl",
      "name": "BlackRock BUIDL",
      "tvl_usd": 3054831568.710449,
      "share_pct": 11.325167073135486,
      "rank_by_tvl": 2
    },
    {
      "slug": "circle-usyc",
      "name": "Circle USYC",
      "tvl_usd": 2985476933.2019,
      "share_pct": 11.068048859982312,
      "rank_by_tvl": 3
    }
  ],
  "top4_10_share_pct": 39.547603173832044,
  "near_top10_focus": {
    "name": "WisdomTree",
    "slug": "wisdomtree",
    "rank_by_tvl": 11,
    "tvl_usd": 961893554.1160432,
    "gap_to_top10_usd": 1621063.0239567757,
    "gap_to_top10_pct": 0.16824477751760283,
    "previous_rank": 11,
    "rank_change": 0
  },
  "biggest_asset_gainer": {
    "name": "Republic Note",
    "slug": "republic-note",
    "tvl_usd": 16054934.83585173,
    "change_1d_usd": 16054934.83585173,
    "change_1d_pct": null,
    "rank_by_tvl": 51,
    "previous_rank": 139,
    "rank_change": 88,
    "analytics_category": "Funds"
  },
  "category_leader_24h": {
    "category": "Funds",
    "change_1d_usd": 31349103.277589798,
    "change_1d_pct": 0.5381236063903394
  },
  "top3_concentration": 34.3641041381944,
  "top10_concentration": 73.91170731202644,
  "top3_assets": [
    "Tether Gold",
    "BlackRock BUIDL",
    "Circle USYC"
  ],
  "largest_capital_increase_category": "Funds",
  "largest_capital_increase_usd": 31349103.277589798,
  "strongest_category_growth": "Other RWA",
  "strongest_category_growth_pct": 0.878602857966948,
  "largest_asset_tvl_increase": "Republic Note",
  "largest_asset_tvl_increase_usd": 16054934.83585173,
  "largest_asset_tvl_decline": "Tether Gold",
  "largest_asset_tvl_decline_usd": -16347022.967832565,
  "new_entrants": 1,
  "new_top10_entrants": 0,
  "market_regime": "Contraction with moderate concentration."
}