{
  "total_rwa_tvl": 23780733627.32745,
  "top500_rwa_tvl": 23780733627.32745,
  "top500_change_1d_usd": -3036910265.995491,
  "top500_change_1d_pct": -11.324299323519693,
  "top500_change_7d_usd": 461799981.984066,
  "top500_change_7d_pct": 1.9803649215164087,
  "change_1d_usd": -3036910265.995491,
  "change_1d_pct": -11.324299323519693,
  "change_7d_usd": 461799981.984066,
  "change_7d_pct": 1.9803649215164087,
  "market_breadth": 0.6049382716049383,
  "protocols_tracked": 142,
  "top3_details": [
    {
      "slug": "tether-gold",
      "name": "Tether Gold",
      "tvl_usd": 3334543164.6787186,
      "share_pct": 14.022036565124523,
      "rank_by_tvl": 1
    },
    {
      "slug": "blackrock-buidl",
      "name": "BlackRock BUIDL",
      "tvl_usd": 2986466199.700449,
      "share_pct": 12.558343432553206,
      "rank_by_tvl": 2
    },
    {
      "slug": "ondo-yield-assets",
      "name": "Ondo Yield Assets",
      "tvl_usd": 2752723273.063939,
      "share_pct": 11.575434619479813,
      "rank_by_tvl": 3
    }
  ],
  "top4_10_share_pct": 38.056019730387845,
  "near_top10_focus": {
    "name": "Superstate USTB",
    "slug": "superstate-ustb",
    "rank_by_tvl": 11,
    "tvl_usd": 858759010.6483878,
    "gap_to_top10_usd": 90032007.23111367,
    "gap_to_top10_pct": 9.489129379863916,
    "previous_rank": 12,
    "rank_change": 1
  },
  "biggest_asset_gainer": {
    "name": "xStocks",
    "slug": "xstocks",
    "tvl_usd": 435928206.68137693,
    "change_1d_usd": 10056051.750601709,
    "change_1d_pct": 2.3612841633743997,
    "rank_by_tvl": 13,
    "previous_rank": 14,
    "rank_change": 1,
    "analytics_category": "Other RWA"
  },
  "category_leader_24h": {
    "category": "Other RWA",
    "change_1d_usd": 8022336.99595356,
    "change_1d_pct": 0.25508753876439805
  },
  "top3_concentration": 38.155814617157546,
  "top10_concentration": 76.21183434754539,
  "top3_assets": [
    "Tether Gold",
    "BlackRock BUIDL",
    "Ondo Yield Assets"
  ],
  "largest_capital_increase_category": "Other RWA",
  "largest_capital_increase_usd": 8022336.99595356,
  "strongest_category_growth": "Other RWA",
  "strongest_category_growth_pct": 0.25508753876439805,
  "largest_asset_tvl_increase": "xStocks",
  "largest_asset_tvl_increase_usd": 10056051.750601709,
  "largest_asset_tvl_decline": "Usual USD0",
  "largest_asset_tvl_decline_usd": -33045467.879240796,
  "new_entrants": 0,
  "new_top10_entrants": 1,
  "market_regime": "Expansion with moderate concentration."
}