{
  "total_rwa_tvl": 26381315309.823082,
  "top500_rwa_tvl": 26381315309.823082,
  "top500_change_1d_usd": -9206174.140449524,
  "top500_change_1d_pct": -0.034884396452883326,
  "top500_change_7d_usd": 799679103.65691,
  "top500_change_7d_pct": 3.125988882072206,
  "change_1d_usd": -9206174.140449524,
  "change_1d_pct": -0.034884396452883326,
  "change_7d_usd": 799679103.65691,
  "change_7d_pct": 3.125988882072206,
  "market_breadth": 0.573170731707317,
  "protocols_tracked": 139,
  "top3_details": [
    {
      "slug": "tether-gold",
      "name": "Tether Gold",
      "tvl_usd": 3354421015.373898,
      "share_pct": 12.715139393087346,
      "rank_by_tvl": 1
    },
    {
      "slug": "blackrock-buidl",
      "name": "BlackRock BUIDL",
      "tvl_usd": 2983432511.380449,
      "share_pct": 11.308884626649256,
      "rank_by_tvl": 2
    },
    {
      "slug": "ondo-yield-assets",
      "name": "Ondo Yield Assets",
      "tvl_usd": 2816645927.3339133,
      "share_pct": 10.676669810641076,
      "rank_by_tvl": 3
    }
  ],
  "top4_10_share_pct": 42.050591045637866,
  "near_top10_focus": {
    "name": "Blockchain Capital",
    "slug": "blockchain-capital",
    "rank_by_tvl": 11,
    "tvl_usd": 756851939.66,
    "gap_to_top10_usd": 105226725.23744166,
    "gap_to_top10_pct": 12.206162792575327,
    "previous_rank": 11,
    "rank_change": 0
  },
  "biggest_asset_gainer": {
    "name": "Midas RWA",
    "slug": "midas-rwa",
    "tvl_usd": 211787953.03000006,
    "change_1d_usd": 11272627.060000032,
    "change_1d_pct": 5.621828159752029,
    "rank_by_tvl": 16,
    "previous_rank": 17,
    "rank_change": 1,
    "analytics_category": "Other RWA"
  },
  "category_leader_24h": {
    "category": "Other RWA",
    "change_1d_usd": 16687390.61829567,
    "change_1d_pct": 0.574066402344231
  },
  "top3_concentration": 34.70069383037768,
  "top10_concentration": 76.75128487601555,
  "top3_assets": [
    "Tether Gold",
    "BlackRock BUIDL",
    "Ondo Yield Assets"
  ],
  "largest_capital_increase_category": "Other RWA",
  "largest_capital_increase_usd": 16687390.61829567,
  "strongest_category_growth": "Other RWA",
  "strongest_category_growth_pct": 0.574066402344231,
  "largest_asset_tvl_increase": "Midas RWA",
  "largest_asset_tvl_increase_usd": 11272627.060000032,
  "largest_asset_tvl_decline": "Ondo Global Markets",
  "largest_asset_tvl_decline_usd": -8626320.623777628,
  "new_entrants": 0,
  "new_top10_entrants": 0,
  "market_regime": "Expansion with moderate concentration."
}