{
  "total_rwa_tvl": 26552293149.58304,
  "top500_rwa_tvl": 26552293149.58304,
  "top500_change_1d_usd": -548823021.5943184,
  "top500_change_1d_pct": -2.025093793657118,
  "top500_change_7d_usd": -611014142.242569,
  "top500_change_7d_pct": -2.2494099694054692,
  "change_1d_usd": -548823021.5943184,
  "change_1d_pct": -2.025093793657118,
  "change_7d_usd": -611014142.242569,
  "change_7d_pct": -2.2494099694054692,
  "market_breadth": 0.35802469135802467,
  "protocols_tracked": 140,
  "top3_details": [
    {
      "slug": "tether-gold",
      "name": "Tether Gold",
      "tvl_usd": 3337320828.132542,
      "share_pct": 12.56886103709257,
      "rank_by_tvl": 1
    },
    {
      "slug": "circle-usyc",
      "name": "Circle USYC",
      "tvl_usd": 2903089539.0007896,
      "share_pct": 10.933479540340109,
      "rank_by_tvl": 2
    },
    {
      "slug": "blackrock-buidl",
      "name": "BlackRock BUIDL",
      "tvl_usd": 2743726363.820449,
      "share_pct": 10.333293431055445,
      "rank_by_tvl": 3
    }
  ],
  "top4_10_share_pct": 43.17298927605234,
  "near_top10_focus": {
    "name": "Ondo Global Markets",
    "slug": "ondo-global-markets",
    "rank_by_tvl": 11,
    "tvl_usd": 812507059.6722151,
    "gap_to_top10_usd": 56173485.71521509,
    "gap_to_top10_pct": 6.466529728734952,
    "previous_rank": 11,
    "rank_change": 0
  },
  "biggest_asset_gainer": {
    "name": "Superstate USTB",
    "slug": "superstate-ustb",
    "tvl_usd": 869295932.3989532,
    "change_1d_usd": 173531218.89089048,
    "change_1d_pct": 24.941077856038696,
    "rank_by_tvl": 9,
    "previous_rank": 13,
    "rank_change": 4,
    "analytics_category": "Treasury"
  },
  "category_leader_24h": {
    "category": "Private Credit",
    "change_1d_usd": 468651.87984132767,
    "change_1d_pct": 0.021773783118361756
  },
  "top3_concentration": 33.83563400848813,
  "top10_concentration": 77.00862328454046,
  "top3_assets": [
    "Tether Gold",
    "Circle USYC",
    "BlackRock BUIDL"
  ],
  "largest_capital_increase_category": "Private Credit",
  "largest_capital_increase_usd": 468651.87984132767,
  "strongest_category_growth": "Private Credit",
  "strongest_category_growth_pct": 0.021773783118361756,
  "largest_asset_tvl_increase": "Superstate USTB",
  "largest_asset_tvl_increase_usd": 173531218.89089048,
  "largest_asset_tvl_decline": "Ethena USDtb",
  "largest_asset_tvl_decline_usd": -302059159.66994774,
  "new_entrants": 0,
  "new_top10_entrants": 1,
  "market_regime": "Contraction with moderate concentration."
}