{
  "total_rwa_tvl": 26430612095.056995,
  "top500_rwa_tvl": 26430612095.056995,
  "top500_change_1d_usd": -199607616.91612625,
  "top500_change_1d_pct": -0.7495530231257597,
  "top500_change_7d_usd": -560213809.0960426,
  "top500_change_7d_pct": -2.0755711999529525,
  "change_1d_usd": -199607616.91612625,
  "change_1d_pct": -0.7495530231257597,
  "change_7d_usd": -560213809.0960426,
  "change_7d_pct": -2.0755711999529525,
  "market_breadth": 0.34146341463414637,
  "protocols_tracked": 146,
  "top3_details": [
    {
      "slug": "tether-gold",
      "name": "Tether Gold",
      "tvl_usd": 3137539968.1845536,
      "share_pct": 11.870856251457493,
      "rank_by_tvl": 1
    },
    {
      "slug": "blackrock-buidl",
      "name": "BlackRock BUIDL",
      "tvl_usd": 2997840556.350449,
      "share_pct": 11.34230469415084,
      "rank_by_tvl": 2
    },
    {
      "slug": "circle-usyc",
      "name": "Circle USYC",
      "tvl_usd": 2986871803.7853813,
      "share_pct": 11.300804510478896,
      "rank_by_tvl": 3
    }
  ],
  "top4_10_share_pct": 39.89843712835185,
  "near_top10_focus": {
    "name": "WisdomTree",
    "slug": "wisdomtree",
    "rank_by_tvl": 11,
    "tvl_usd": 954295165.7000345,
    "gap_to_top10_usd": 22158649.05996549,
    "gap_to_top10_pct": 2.269298222303715,
    "previous_rank": 11,
    "rank_change": 0
  },
  "biggest_asset_gainer": {
    "name": "xStocks",
    "slug": "xstocks",
    "tvl_usd": 523575751.62028104,
    "change_1d_usd": 84993136.93133926,
    "change_1d_pct": 19.379048344544934,
    "rank_by_tvl": 14,
    "previous_rank": 14,
    "rank_change": 0,
    "analytics_category": "Other RWA"
  },
  "category_leader_24h": {
    "category": "Other RWA",
    "change_1d_usd": 41934365.55483866,
    "change_1d_pct": 1.3448702271033675
  },
  "top3_concentration": 34.513965456087234,
  "top10_concentration": 74.41240258443909,
  "top3_assets": [
    "Tether Gold",
    "BlackRock BUIDL",
    "Circle USYC"
  ],
  "largest_capital_increase_category": "Other RWA",
  "largest_capital_increase_usd": 41934365.55483866,
  "strongest_category_growth": "Other RWA",
  "strongest_category_growth_pct": 1.3448702271033675,
  "largest_asset_tvl_increase": "xStocks",
  "largest_asset_tvl_increase_usd": 84993136.93133926,
  "largest_asset_tvl_decline": "GAIB",
  "largest_asset_tvl_decline_usd": -75405251.89403562,
  "new_entrants": 0,
  "new_top10_entrants": 0,
  "market_regime": "Contraction with moderate concentration."
}