{
  "total_rwa_tvl": 26678741718.930626,
  "top500_rwa_tvl": 26678741718.930626,
  "top500_change_1d_usd": 2898008091.603176,
  "top500_change_1d_pct": 12.186369592370161,
  "top500_change_7d_usd": 534903007.3560753,
  "top500_change_7d_pct": 2.0460002574880454,
  "change_1d_usd": 2898008091.603176,
  "change_1d_pct": 12.186369592370161,
  "change_7d_usd": 534903007.3560753,
  "change_7d_pct": 2.0460002574880454,
  "market_breadth": 0.5925925925925926,
  "protocols_tracked": 142,
  "top3_details": [
    {
      "slug": "tether-gold",
      "name": "Tether Gold",
      "tvl_usd": 3364200142.6190634,
      "share_pct": 12.61004052613135,
      "rank_by_tvl": 1
    },
    {
      "slug": "circle-usyc",
      "name": "Circle USYC",
      "tvl_usd": 2980916503.296102,
      "share_pct": 11.173377420498477,
      "rank_by_tvl": 2
    },
    {
      "slug": "blackrock-buidl",
      "name": "BlackRock BUIDL",
      "tvl_usd": 2867155594.8104486,
      "share_pct": 10.746967098436958,
      "rank_by_tvl": 3
    }
  ],
  "top4_10_share_pct": 40.85749556849629,
  "near_top10_focus": {
    "name": "Blockchain Capital",
    "slug": "blockchain-capital",
    "rank_by_tvl": 11,
    "tvl_usd": 964699191.57,
    "gap_to_top10_usd": 17845022.096050143,
    "gap_to_top10_pct": 1.8162055048359746,
    "previous_rank": 9,
    "rank_change": -2
  },
  "biggest_asset_gainer": {
    "name": "Circle USYC",
    "slug": "circle-usyc",
    "tvl_usd": 2980916503.296102,
    "change_1d_usd": 2980916503.296102,
    "change_1d_pct": null,
    "rank_by_tvl": 2,
    "previous_rank": 127,
    "rank_change": 125,
    "analytics_category": "Stablecoins"
  },
  "category_leader_24h": {
    "category": "Stablecoins",
    "change_1d_usd": 2908177633.681952,
    "change_1d_pct": 413.3077254792887
  },
  "top3_concentration": 34.53038504506678,
  "top10_concentration": 75.38788061356307,
  "top3_assets": [
    "Tether Gold",
    "Circle USYC",
    "BlackRock BUIDL"
  ],
  "largest_capital_increase_category": "Stablecoins",
  "largest_capital_increase_usd": 2908177633.681952,
  "strongest_category_growth": "Stablecoins",
  "strongest_category_growth_pct": 413.3077254792887,
  "largest_asset_tvl_increase": "Circle USYC",
  "largest_asset_tvl_increase_usd": 2980916503.296102,
  "largest_asset_tvl_decline": "BlackRock BUIDL",
  "largest_asset_tvl_decline_usd": -119310604.89000034,
  "new_entrants": 1,
  "new_top10_entrants": 1,
  "market_regime": "Expansion with moderate concentration."
}