{
  "total_rwa_tvl": 26548212978.33212,
  "top500_rwa_tvl": 26548212978.33212,
  "top500_change_1d_usd": -45646600.32144165,
  "top500_change_1d_pct": -0.17164338326461914,
  "top500_change_7d_usd": -355835917.1708832,
  "top500_change_7d_pct": -1.3226110261432056,
  "change_1d_usd": -45646600.32144165,
  "change_1d_pct": -0.17164338326461914,
  "change_7d_usd": -355835917.1708832,
  "change_7d_pct": -1.3226110261432056,
  "market_breadth": 0.3902439024390244,
  "protocols_tracked": 148,
  "top3_details": [
    {
      "slug": "tether-gold",
      "name": "Tether Gold",
      "tvl_usd": 3211181054.563217,
      "share_pct": 12.0956580285991,
      "rank_by_tvl": 1
    },
    {
      "slug": "blackrock-buidl",
      "name": "BlackRock BUIDL",
      "tvl_usd": 2981347320.590449,
      "share_pct": 11.229935977324493,
      "rank_by_tvl": 2
    },
    {
      "slug": "circle-usyc",
      "name": "Circle USYC",
      "tvl_usd": 2960167480.277544,
      "share_pct": 11.150157197750172,
      "rank_by_tvl": 3
    }
  ],
  "top4_10_share_pct": 39.94860860944961,
  "near_top10_focus": {
    "name": "WisdomTree",
    "slug": "wisdomtree",
    "rank_by_tvl": 11,
    "tvl_usd": 921297792.8028759,
    "gap_to_top10_usd": 55156021.957124114,
    "gap_to_top10_pct": 5.64860530251303,
    "previous_rank": 11,
    "rank_change": 0
  },
  "biggest_asset_gainer": {
    "name": "Superstate USTB",
    "slug": "superstate-ustb",
    "tvl_usd": 771875862.7367842,
    "change_1d_usd": 2842712.293939948,
    "change_1d_pct": 0.3696475623063744,
    "rank_by_tvl": 13,
    "previous_rank": 13,
    "rank_change": 0,
    "analytics_category": "Treasury"
  },
  "category_leader_24h": {
    "category": "Treasury",
    "change_1d_usd": 2916606.626973152,
    "change_1d_pct": 0.04571724180453263
  },
  "top3_concentration": 34.47575120367376,
  "top10_concentration": 74.42435981312336,
  "top3_assets": [
    "Tether Gold",
    "BlackRock BUIDL",
    "Circle USYC"
  ],
  "largest_capital_increase_category": "Treasury",
  "largest_capital_increase_usd": 2916606.626973152,
  "strongest_category_growth": "Treasury",
  "strongest_category_growth_pct": 0.04571724180453263,
  "largest_asset_tvl_increase": "Superstate USTB",
  "largest_asset_tvl_increase_usd": 2842712.293939948,
  "largest_asset_tvl_decline": "Ondo Yield Assets",
  "largest_asset_tvl_decline_usd": -31846369.5156312,
  "new_entrants": 0,
  "new_top10_entrants": 0,
  "market_regime": "Contraction with moderate concentration."
}