{
  "total_rwa_tvl": 25820540756.098644,
  "top500_rwa_tvl": 25820540756.098644,
  "top500_change_1d_usd": -154765250.3012352,
  "top500_change_1d_pct": -0.5958168510627138,
  "top500_change_7d_usd": -376834867.14035034,
  "top500_change_7d_pct": -1.4384451044251567,
  "change_1d_usd": -154765250.30123642,
  "change_1d_pct": -0.5958168510627165,
  "change_7d_usd": -376834867.1403561,
  "change_7d_pct": -1.4384451044251774,
  "market_breadth": 0.3950617283950617,
  "protocols_tracked": 149,
  "top3_details": [
    {
      "slug": "circle-usyc",
      "name": "Circle USYC",
      "tvl_usd": 3129887955.0889435,
      "share_pct": 12.121697932874175,
      "rank_by_tvl": 1
    },
    {
      "slug": "blackrock-buidl",
      "name": "BlackRock BUIDL",
      "tvl_usd": 3011223073.070449,
      "share_pct": 11.662122422278152,
      "rank_by_tvl": 2
    },
    {
      "slug": "tether-gold",
      "name": "Tether Gold",
      "tvl_usd": 2906230134.747674,
      "share_pct": 11.255496785291925,
      "rank_by_tvl": 3
    }
  ],
  "top4_10_share_pct": 38.97017920949046,
  "near_top10_focus": {
    "name": "Anemoy Capital",
    "slug": "anemoy-capital",
    "rank_by_tvl": 11,
    "tvl_usd": 869581740.5625913,
    "gap_to_top10_usd": 50579276.937357664,
    "gap_to_top10_pct": 5.49678545117898,
    "previous_rank": 11,
    "rank_change": 0
  },
  "biggest_asset_gainer": {
    "name": "Hastra",
    "slug": "hastra",
    "tvl_usd": 402444161.09584427,
    "change_1d_usd": 11060208.300196767,
    "change_1d_pct": 2.8259227853349556,
    "rank_by_tvl": 15,
    "previous_rank": 15,
    "rank_change": 0,
    "analytics_category": "Other RWA"
  },
  "category_leader_24h": {
    "category": "Stablecoins",
    "change_1d_usd": 3002970.8839809597,
    "change_1d_pct": 0.07249767276787812
  },
  "top3_concentration": 35.039317140444254,
  "top10_concentration": 74.00949634993471,
  "top3_assets": [
    "Circle USYC",
    "BlackRock BUIDL",
    "Tether Gold"
  ],
  "largest_capital_increase_category": "Stablecoins",
  "largest_capital_increase_usd": 3002970.8839809597,
  "strongest_category_growth": "Stablecoins",
  "strongest_category_growth_pct": 0.07249767276787812,
  "largest_asset_tvl_increase": "Hastra",
  "largest_asset_tvl_increase_usd": 11060208.300196767,
  "largest_asset_tvl_decline": "Paxos Gold",
  "largest_asset_tvl_decline_usd": -51396192.11328077,
  "new_entrants": 1,
  "new_top10_entrants": 0,
  "market_regime": "Contraction with moderate concentration.",
  "change_1d_usd_raw": -154765250.3012352,
  "change_1d_pct_raw": -0.5958168510627138,
  "change_7d_usd_raw": -376834867.14035034,
  "change_7d_pct_raw": -1.4384451044251567,
  "flow_basis": "adjusted (coverage artifacts excluded)",
  "coverage_flags": []
}