{
  "total_rwa_tvl": 26162685061.64695,
  "top500_rwa_tvl": 26162685061.64695,
  "top500_change_1d_usd": -138585836.2533455,
  "top500_change_1d_pct": -0.5269168809040714,
  "top500_change_7d_usd": -467534650.3261719,
  "top500_change_7d_pct": -1.7556544984717704,
  "change_1d_usd": -138585836.2533455,
  "change_1d_pct": -0.5269168809040714,
  "change_7d_usd": -467534650.3261719,
  "change_7d_pct": -1.7556544984717704,
  "market_breadth": 0.4375,
  "protocols_tracked": 149,
  "top3_details": [
    {
      "slug": "tether-gold",
      "name": "Tether Gold",
      "tvl_usd": 3178632768.7522516,
      "share_pct": 12.149489860320001,
      "rank_by_tvl": 1
    },
    {
      "slug": "blackrock-buidl",
      "name": "BlackRock BUIDL",
      "tvl_usd": 2964296658.1204486,
      "share_pct": 11.330246307424858,
      "rank_by_tvl": 2
    },
    {
      "slug": "circle-usyc",
      "name": "Circle USYC",
      "tvl_usd": 2960173062.438801,
      "share_pct": 11.314484944736238,
      "rank_by_tvl": 3
    }
  ],
  "top4_10_share_pct": 39.84159811480884,
  "near_top10_focus": {
    "name": "WisdomTree",
    "slug": "wisdomtree",
    "rank_by_tvl": 11,
    "tvl_usd": 906075516.6780657,
    "gap_to_top10_usd": 70378298.08193433,
    "gap_to_top10_pct": 7.207539877268279,
    "previous_rank": 11,
    "rank_change": 0
  },
  "biggest_asset_gainer": {
    "name": "Invesco USTB",
    "slug": "invesco-ustb",
    "tvl_usd": 750992678.5086087,
    "change_1d_usd": 750992678.5086087,
    "change_1d_pct": null,
    "rank_by_tvl": 13,
    "previous_rank": 999999,
    "rank_change": null,
    "analytics_category": "Treasury"
  },
  "category_leader_24h": {
    "category": "Treasury",
    "change_1d_usd": 18273398.195077896,
    "change_1d_pct": 0.2921495110738803
  },
  "top3_concentration": 34.7942211124811,
  "top10_concentration": 74.63581922728993,
  "top3_assets": [
    "Tether Gold",
    "BlackRock BUIDL",
    "Circle USYC"
  ],
  "largest_capital_increase_category": "Treasury",
  "largest_capital_increase_usd": 18273398.195077896,
  "strongest_category_growth": "Treasury",
  "strongest_category_growth_pct": 0.2921495110738803,
  "largest_asset_tvl_increase": "Invesco USTB",
  "largest_asset_tvl_increase_usd": 750992678.5086087,
  "largest_asset_tvl_decline": "Ethena USDtb",
  "largest_asset_tvl_decline_usd": -50032716.964686036,
  "new_entrants": 1,
  "new_top10_entrants": 0,
  "market_regime": "Contraction with moderate concentration."
}