{
  "total_rwa_tvl": 25980535140.774353,
  "top500_rwa_tvl": 25980535140.774353,
  "top500_change_1d_usd": -164133142.4907875,
  "top500_change_1d_pct": -0.6277882003033364,
  "top500_change_7d_usd": 134015500.46484375,
  "top500_change_7d_pct": 0.5185050147170855,
  "change_1d_usd": -164133142.4907878,
  "change_1d_pct": -0.6277882003033378,
  "change_7d_usd": 134015500.46484116,
  "change_7d_pct": 0.5185050147170853,
  "market_breadth": 0.6,
  "protocols_tracked": 149,
  "top3_details": [
    {
      "slug": "circle-usyc",
      "name": "Circle USYC",
      "tvl_usd": 3071600595.4369097,
      "share_pct": 11.822699489419987,
      "rank_by_tvl": 1
    },
    {
      "slug": "blackrock-buidl",
      "name": "BlackRock BUIDL",
      "tvl_usd": 3027264890.480449,
      "share_pct": 11.652049790650391,
      "rank_by_tvl": 2
    },
    {
      "slug": "tether-gold",
      "name": "Tether Gold",
      "tvl_usd": 2950907264.0696526,
      "share_pct": 11.358146581971061,
      "rank_by_tvl": 3
    }
  ],
  "top4_10_share_pct": 39.3164316723716,
  "near_top10_focus": {
    "name": "Anemoy Capital",
    "slug": "anemoy-capital",
    "rank_by_tvl": 11,
    "tvl_usd": 868261499.1442326,
    "gap_to_top10_usd": 48337005.16912711,
    "gap_to_top10_pct": 5.273519969938988,
    "previous_rank": 11,
    "rank_change": 0
  },
  "biggest_asset_gainer": {
    "name": "Invesco USTB",
    "slug": "invesco-ustb",
    "tvl_usd": 848544152.862532,
    "change_1d_usd": 35357087.70707536,
    "change_1d_pct": 4.347964843773822,
    "rank_by_tvl": 12,
    "previous_rank": 12,
    "rank_change": 0,
    "analytics_category": "Treasury"
  },
  "category_leader_24h": {
    "category": "Treasury",
    "change_1d_usd": 35344896.0916896,
    "change_1d_pct": 0.5621776903150064
  },
  "top3_concentration": 34.83289586204143,
  "top10_concentration": 74.14932753441303,
  "top3_assets": [
    "Circle USYC",
    "BlackRock BUIDL",
    "Tether Gold"
  ],
  "largest_capital_increase_category": "Treasury",
  "largest_capital_increase_usd": 35344896.0916896,
  "strongest_category_growth": "Treasury",
  "strongest_category_growth_pct": 0.5621776903150064,
  "largest_asset_tvl_increase": "Invesco USTB",
  "largest_asset_tvl_increase_usd": 35357087.70707536,
  "largest_asset_tvl_decline": "Tether Gold",
  "largest_asset_tvl_decline_usd": -113039909.91625261,
  "new_entrants": 1,
  "new_top10_entrants": 0,
  "market_regime": "Expansion with moderate concentration.",
  "change_1d_usd_raw": -164133142.4907875,
  "change_1d_pct_raw": -0.6277882003033364,
  "change_7d_usd_raw": 134015500.46484375,
  "change_7d_pct_raw": 0.5185050147170855,
  "flow_basis": "adjusted (coverage artifacts excluded)",
  "coverage_flags": [
    {
      "slug": "axc-gytw",
      "name": "AXC GYTW",
      "flag": "new_listing",
      "tvl_usd": 5290517.0,
      "delta_1d_usd_raw": 5290517.0,
      "detail": "newly tracked in the dataset; its $5.29M TVL is excluded from adjusted net flow"
    },
    {
      "slug": "axc-gift",
      "name": "AXC GIFT",
      "flag": "delisted",
      "tvl_usd": 5290517.0,
      "delta_1d_usd_raw": -5290517.0,
      "detail": "left the dataset; its $5.29M TVL is excluded from adjusted net flow"
    }
  ]
}