{
  "total_rwa_tvl": 26585548100.46427,
  "top500_rwa_tvl": 26585548100.46427,
  "top500_change_1d_usd": 94583799.8830719,
  "top500_change_1d_pct": 0.35704174000565914,
  "top500_change_7d_usd": 791210022.1877251,
  "top500_change_7d_pct": 3.0673786618857557,
  "change_1d_usd": 94583799.8830719,
  "change_1d_pct": 0.35704174000565914,
  "change_7d_usd": 791210022.1877251,
  "change_7d_pct": 3.0673786618857557,
  "market_breadth": 0.6144578313253012,
  "protocols_tracked": 140,
  "top3_details": [
    {
      "slug": "tether-gold",
      "name": "Tether Gold",
      "tvl_usd": 3379543176.1863112,
      "share_pct": 12.711955997353662,
      "rank_by_tvl": 1
    },
    {
      "slug": "blackrock-buidl",
      "name": "BlackRock BUIDL",
      "tvl_usd": 2933208884.330449,
      "share_pct": 11.033095399222653,
      "rank_by_tvl": 2
    },
    {
      "slug": "ondo-yield-assets",
      "name": "Ondo Yield Assets",
      "tvl_usd": 2797214020.8776474,
      "share_pct": 10.52155859381661,
      "rank_by_tvl": 3
    }
  ],
  "top4_10_share_pct": 41.75932806973969,
  "near_top10_focus": {
    "name": "Blockchain Capital",
    "slug": "blockchain-capital",
    "rank_by_tvl": 11,
    "tvl_usd": 756851939.66,
    "gap_to_top10_usd": 105226443.69871879,
    "gap_to_top10_pct": 12.206134120745386,
    "previous_rank": 11,
    "rank_change": 0
  },
  "biggest_asset_gainer": {
    "name": "Tether Gold",
    "slug": "tether-gold",
    "tvl_usd": 3379543176.1863112,
    "change_1d_usd": 27977942.706068516,
    "change_1d_pct": 0.8347724348786167,
    "rank_by_tvl": 1,
    "previous_rank": 1,
    "rank_change": 0,
    "analytics_category": "Commodities"
  },
  "category_leader_24h": {
    "category": "Commodities",
    "change_1d_usd": 48662978.903081894,
    "change_1d_pct": 0.8261876146320013
  },
  "top3_concentration": 34.26660999039293,
  "top10_concentration": 76.02593806013262,
  "top3_assets": [
    "Tether Gold",
    "BlackRock BUIDL",
    "Ondo Yield Assets"
  ],
  "largest_capital_increase_category": "Commodities",
  "largest_capital_increase_usd": 48662978.903081894,
  "strongest_category_growth": "Private Credit",
  "strongest_category_growth_pct": 1.2703360997106117,
  "largest_asset_tvl_increase": "Tether Gold",
  "largest_asset_tvl_increase_usd": 27977942.706068516,
  "largest_asset_tvl_decline": "BlackRock BUIDL",
  "largest_asset_tvl_decline_usd": -25186458.14999962,
  "new_entrants": 0,
  "new_top10_entrants": 0,
  "market_regime": "Expansion with moderate concentration."
}