{
  "total_rwa_tvl": 26144668283.26514,
  "top500_rwa_tvl": 26144668283.26514,
  "top500_change_1d_usd": -52707339.973854065,
  "top500_change_1d_pct": -0.20119320626565962,
  "top500_change_7d_usd": 434907358.4276695,
  "top500_change_7d_pct": 1.6916040553590639,
  "change_1d_usd": -52707339.9738583,
  "change_1d_pct": -0.20119320626568035,
  "change_7d_usd": 434907358.42766577,
  "change_7d_pct": 1.6916040553590452,
  "market_breadth": 0.65,
  "protocols_tracked": 149,
  "top3_details": [
    {
      "slug": "circle-usyc",
      "name": "Circle USYC",
      "tvl_usd": 3075819281.745687,
      "share_pct": 11.76461391064762,
      "rank_by_tvl": 1
    },
    {
      "slug": "tether-gold",
      "name": "Tether Gold",
      "tvl_usd": 3063947173.985905,
      "share_pct": 11.719204622485487,
      "rank_by_tvl": 2
    },
    {
      "slug": "blackrock-buidl",
      "name": "BlackRock BUIDL",
      "tvl_usd": 3027040579.360449,
      "share_pct": 11.578041635731969,
      "rank_by_tvl": 3
    }
  ],
  "top4_10_share_pct": 39.30705392913665,
  "near_top10_focus": {
    "name": "Anemoy Capital",
    "slug": "anemoy-capital",
    "rank_by_tvl": 11,
    "tvl_usd": 867602765.9437531,
    "gap_to_top10_usd": 48283257.40854168,
    "gap_to_top10_pct": 5.2717539276139345,
    "previous_rank": 11,
    "rank_change": 0
  },
  "biggest_asset_gainer": {
    "name": "Ondo Yield Assets",
    "slug": "ondo-yield-assets",
    "tvl_usd": 2627292008.296821,
    "change_1d_usd": 5657410.612749577,
    "change_1d_pct": 0.21579706865888504,
    "rank_by_tvl": 4,
    "previous_rank": 4,
    "rank_change": 0,
    "analytics_category": "Funds"
  },
  "category_leader_24h": {
    "category": "Funds",
    "change_1d_usd": 5181124.509848291,
    "change_1d_pct": 0.0936079647999478
  },
  "top3_concentration": 35.06186016886508,
  "top10_concentration": 74.36891409800172,
  "top3_assets": [
    "Circle USYC",
    "Tether Gold",
    "BlackRock BUIDL"
  ],
  "largest_capital_increase_category": "Funds",
  "largest_capital_increase_usd": 5181124.509848291,
  "strongest_category_growth": "Funds",
  "strongest_category_growth_pct": 0.0936079647999478,
  "largest_asset_tvl_increase": "Ondo Yield Assets",
  "largest_asset_tvl_increase_usd": 5657410.612749577,
  "largest_asset_tvl_decline": "Invesco USTB",
  "largest_asset_tvl_decline_usd": -24244088.35602796,
  "new_entrants": 0,
  "new_top10_entrants": 0,
  "market_regime": "Expansion with moderate concentration.",
  "change_1d_usd_raw": -52707339.973854065,
  "change_1d_pct_raw": -0.20119320626565962,
  "change_7d_usd_raw": 434907358.4276695,
  "change_7d_pct_raw": 1.6916040553590639,
  "flow_basis": "adjusted (coverage artifacts excluded)",
  "coverage_flags": []
}