{
  "total_rwa_tvl": 25548922148.61435,
  "top500_rwa_tvl": 25548922148.61435,
  "top500_change_1d_usd": 49953437.07083893,
  "top500_change_1d_pct": 0.19590375452409603,
  "top500_change_7d_usd": -990632006.7969017,
  "top500_change_7d_pct": -3.732662579770274,
  "change_1d_usd": 49953437.07083893,
  "change_1d_pct": 0.19590375452409603,
  "change_7d_usd": -990632006.7969017,
  "change_7d_pct": -3.732662579770274,
  "market_breadth": 0.3950617283950617,
  "protocols_tracked": 149,
  "top3_details": [
    {
      "slug": "tether-gold",
      "name": "Tether Gold",
      "tvl_usd": 3060788277.1431847,
      "share_pct": 11.98010725986414,
      "rank_by_tvl": 1
    },
    {
      "slug": "blackrock-buidl",
      "name": "BlackRock BUIDL",
      "tvl_usd": 2950279206.3204494,
      "share_pct": 11.54756818764841,
      "rank_by_tvl": 2
    },
    {
      "slug": "circle-usyc",
      "name": "Circle USYC",
      "tvl_usd": 2828866181.382893,
      "share_pct": 11.072350390861077,
      "rank_by_tvl": 3
    }
  ],
  "top4_10_share_pct": 39.78798292197938,
  "near_top10_focus": {
    "name": "WisdomTree",
    "slug": "wisdomtree",
    "rank_by_tvl": 11,
    "tvl_usd": 893011492.0536803,
    "gap_to_top10_usd": 82531111.60631967,
    "gap_to_top10_pct": 8.460021253472979,
    "previous_rank": 11,
    "rank_change": 0
  },
  "biggest_asset_gainer": {
    "name": "Midas RWA",
    "slug": "midas-rwa",
    "tvl_usd": 122138305.79000005,
    "change_1d_usd": 65278690.99000004,
    "change_1d_pct": 114.80677668959522,
    "rank_by_tvl": 23,
    "previous_rank": 37,
    "rank_change": 14,
    "analytics_category": "Other RWA"
  },
  "category_leader_24h": {
    "category": "Other RWA",
    "change_1d_usd": 69665729.09677315,
    "change_1d_pct": 2.353406737003705
  },
  "top3_concentration": 34.600025838373625,
  "top10_concentration": 74.388008760353,
  "top3_assets": [
    "Tether Gold",
    "BlackRock BUIDL",
    "Circle USYC"
  ],
  "largest_capital_increase_category": "Other RWA",
  "largest_capital_increase_usd": 69665729.09677315,
  "strongest_category_growth": "Other RWA",
  "strongest_category_growth_pct": 2.353406737003705,
  "largest_asset_tvl_increase": "Midas RWA",
  "largest_asset_tvl_increase_usd": 65278690.99000004,
  "largest_asset_tvl_decline": "Ondo Yield Assets",
  "largest_asset_tvl_decline_usd": -17393378.633826733,
  "new_entrants": 0,
  "new_top10_entrants": 0,
  "market_regime": "Contraction with moderate concentration."
}