{
  "total_rwa_tvl": 27272191199.40422,
  "top500_rwa_tvl": 27272191199.40422,
  "top500_change_1d_usd": -47051683.1604805,
  "top500_change_1d_pct": -0.17222908908104406,
  "top500_change_7d_usd": 881669715.4406891,
  "top500_change_7d_pct": 3.340857496796512,
  "change_1d_usd": -47051683.1604805,
  "change_1d_pct": -0.17222908908104406,
  "change_7d_usd": 881669715.4406891,
  "change_7d_pct": 3.340857496796512,
  "market_breadth": 0.5975609756097561,
  "protocols_tracked": 140,
  "top3_details": [
    {
      "slug": "tether-gold",
      "name": "Tether Gold",
      "tvl_usd": 3409992534.9143605,
      "share_pct": 12.50355173143863,
      "rank_by_tvl": 1
    },
    {
      "slug": "blackrock-buidl",
      "name": "BlackRock BUIDL",
      "tvl_usd": 3035208002.4004483,
      "share_pct": 11.129314766855822,
      "rank_by_tvl": 2
    },
    {
      "slug": "circle-usyc",
      "name": "Circle USYC",
      "tvl_usd": 2903229271.816143,
      "share_pct": 10.645383242544758,
      "rank_by_tvl": 3
    }
  ],
  "top4_10_share_pct": 42.44019772268712,
  "near_top10_focus": {
    "name": "Ondo Global Markets",
    "slug": "ondo-global-markets",
    "rank_by_tvl": 11,
    "tvl_usd": 820127421.3260851,
    "gap_to_top10_usd": 49356063.9002285,
    "gap_to_top10_pct": 5.6764808922600585,
    "previous_rank": 11,
    "rank_change": 0
  },
  "biggest_asset_gainer": {
    "name": "Ondo Yield Assets",
    "slug": "ondo-yield-assets",
    "tvl_usd": 2730673170.0050898,
    "change_1d_usd": 9739814.049844742,
    "change_1d_pct": 0.3579585669942098,
    "rank_by_tvl": 4,
    "previous_rank": 4,
    "rank_change": 0,
    "analytics_category": "Funds"
  },
  "category_leader_24h": {
    "category": "Funds",
    "change_1d_usd": 11325864.041493416,
    "change_1d_pct": 0.18360459150008612
  },
  "top3_concentration": 34.278249740839215,
  "top10_concentration": 76.71844746352633,
  "top3_assets": [
    "Tether Gold",
    "BlackRock BUIDL",
    "Circle USYC"
  ],
  "largest_capital_increase_category": "Funds",
  "largest_capital_increase_usd": 11325864.041493416,
  "strongest_category_growth": "Funds",
  "strongest_category_growth_pct": 0.18360459150008612,
  "largest_asset_tvl_increase": "Ondo Yield Assets",
  "largest_asset_tvl_increase_usd": 9739814.049844742,
  "largest_asset_tvl_decline": "Tether Gold",
  "largest_asset_tvl_decline_usd": -25611285.033815384,
  "new_entrants": 1,
  "new_top10_entrants": 0,
  "market_regime": "Expansion with moderate concentration."
}