{
  "total_rwa_tvl": 25522761373.68733,
  "top500_rwa_tvl": 25522761373.68733,
  "top500_change_1d_usd": -82496253.45124817,
  "top500_change_1d_pct": -0.3221848209947753,
  "top500_change_7d_usd": 1245876561.0708618,
  "top500_change_7d_pct": 5.1319457611109565,
  "change_1d_usd": -82496253.45124817,
  "change_1d_pct": -0.3221848209947753,
  "change_7d_usd": 1245876561.0708618,
  "change_7d_pct": 5.1319457611109565,
  "market_breadth": 0.6341463414634146,
  "protocols_tracked": 140,
  "top3_details": [
    {
      "slug": "tether-gold",
      "name": "Tether Gold",
      "tvl_usd": 3287089694.9011536,
      "share_pct": 12.879051944159837,
      "rank_by_tvl": 1
    },
    {
      "slug": "blackrock-buidl",
      "name": "BlackRock BUIDL",
      "tvl_usd": 2833488942.250449,
      "share_pct": 11.101811832835738,
      "rank_by_tvl": 2
    },
    {
      "slug": "ondo-yield-assets",
      "name": "Ondo Yield Assets",
      "tvl_usd": 2787261586.7963295,
      "share_pct": 10.920689756045968,
      "rank_by_tvl": 3
    }
  ],
  "top4_10_share_pct": 42.60739862704244,
  "near_top10_focus": {
    "name": "Superstate USTB",
    "slug": "superstate-ustb",
    "rank_by_tvl": 11,
    "tvl_usd": 840883974.9562082,
    "gap_to_top10_usd": 16333465.54799807,
    "gap_to_top10_pct": 1.905405183822543,
    "previous_rank": 11,
    "rank_change": 0
  },
  "biggest_asset_gainer": {
    "name": "Mantle Index Four Fund",
    "slug": "mantle-index-four-fund",
    "tvl_usd": 126866503.73150314,
    "change_1d_usd": 705599.4747027755,
    "change_1d_pct": 0.5592853656680496,
    "rank_by_tvl": 25,
    "previous_rank": 25,
    "rank_change": 0,
    "analytics_category": "Funds"
  },
  "category_leader_24h": {
    "category": "Treasury",
    "change_1d_usd": 494599.19017124176,
    "change_1d_pct": 0.008583590731925383
  },
  "top3_concentration": 34.90155353304154,
  "top10_concentration": 77.508952160084,
  "top3_assets": [
    "Tether Gold",
    "BlackRock BUIDL",
    "Ondo Yield Assets"
  ],
  "largest_capital_increase_category": "Treasury",
  "largest_capital_increase_usd": 494599.19017124176,
  "strongest_category_growth": "Real Estate",
  "strongest_category_growth_pct": 0.011048910884881025,
  "largest_asset_tvl_increase": "Mantle Index Four Fund",
  "largest_asset_tvl_increase_usd": 705599.4747027755,
  "largest_asset_tvl_decline": "xStocks",
  "largest_asset_tvl_decline_usd": -29481659.63782257,
  "new_entrants": 0,
  "new_top10_entrants": 0,
  "market_regime": "Expansion with moderate concentration."
}