{
  "total_rwa_tvl": 26215791904.398,
  "top500_rwa_tvl": 26215791904.398,
  "top500_change_1d_usd": -405266907.70451355,
  "top500_change_1d_pct": -1.5223545786250625,
  "top500_change_7d_usd": -1019421710.2124634,
  "top500_change_7d_pct": -3.743028142307614,
  "change_1d_usd": -405266907.70451355,
  "change_1d_pct": -1.5223545786250625,
  "change_7d_usd": -1019421710.2124634,
  "change_7d_pct": -3.743028142307614,
  "market_breadth": 0.34146341463414637,
  "protocols_tracked": 141,
  "top3_details": [
    {
      "slug": "tether-gold",
      "name": "Tether Gold",
      "tvl_usd": 3273329057.4409466,
      "share_pct": 12.48609643141014,
      "rank_by_tvl": 1
    },
    {
      "slug": "circle-usyc",
      "name": "Circle USYC",
      "tvl_usd": 2904500648.147744,
      "share_pct": 11.079202408760656,
      "rank_by_tvl": 2
    },
    {
      "slug": "blackrock-buidl",
      "name": "BlackRock BUIDL",
      "tvl_usd": 2821958133.0204487,
      "share_pct": 10.764344420002178,
      "rank_by_tvl": 3
    }
  ],
  "top4_10_share_pct": 42.25344278496277,
  "near_top10_focus": {
    "name": "Superstate USTB",
    "slug": "superstate-ustb",
    "rank_by_tvl": 11,
    "tvl_usd": 829093983.8167988,
    "gap_to_top10_usd": 39660652.362216115,
    "gap_to_top10_pct": 4.565230585318416,
    "previous_rank": 10,
    "rank_change": -1
  },
  "biggest_asset_gainer": {
    "name": "BlackRock BUIDL",
    "slug": "blackrock-buidl",
    "tvl_usd": 2821958133.0204487,
    "change_1d_usd": 11703769.369999409,
    "change_1d_pct": 0.41646654912748104,
    "rank_by_tvl": 3,
    "previous_rank": 3,
    "rank_change": 0,
    "analytics_category": "Treasury"
  },
  "category_leader_24h": {
    "category": "Stablecoins",
    "change_1d_usd": 210655.5183353424,
    "change_1d_pct": 0.00586823034611772
  },
  "top3_concentration": 34.32964326017297,
  "top10_concentration": 76.58308604513574,
  "top3_assets": [
    "Tether Gold",
    "Circle USYC",
    "BlackRock BUIDL"
  ],
  "largest_capital_increase_category": "Stablecoins",
  "largest_capital_increase_usd": 210655.5183353424,
  "strongest_category_growth": "Stablecoins",
  "strongest_category_growth_pct": 0.00586823034611772,
  "largest_asset_tvl_increase": "BlackRock BUIDL",
  "largest_asset_tvl_increase_usd": 11703769.369999409,
  "largest_asset_tvl_decline": "Superstate USTB",
  "largest_asset_tvl_decline_usd": -94665979.3203311,
  "new_entrants": 0,
  "new_top10_entrants": 1,
  "market_regime": "Contraction with moderate concentration."
}