{
  "total_rwa_tvl": 26493238984.322388,
  "top500_rwa_tvl": 26493238984.322388,
  "top500_change_1d_usd": 62626889.2653923,
  "top500_change_1d_pct": 0.23694831220766321,
  "top500_change_7d_usd": -451690864.1424904,
  "top500_change_7d_pct": -1.6763482654538198,
  "change_1d_usd": 62626889.2653923,
  "change_1d_pct": 0.23694831220766321,
  "change_7d_usd": -451690864.1424904,
  "change_7d_pct": -1.6763482654538198,
  "market_breadth": 0.32926829268292684,
  "protocols_tracked": 148,
  "top3_details": [
    {
      "slug": "tether-gold",
      "name": "Tether Gold",
      "tvl_usd": 3199367969.6305766,
      "share_pct": 12.07616770272533,
      "rank_by_tvl": 1
    },
    {
      "slug": "circle-usyc",
      "name": "Circle USYC",
      "tvl_usd": 2987159968.919181,
      "share_pct": 11.275178435852482,
      "rank_by_tvl": 2
    },
    {
      "slug": "blackrock-buidl",
      "name": "BlackRock BUIDL",
      "tvl_usd": 2981117859.2504497,
      "share_pct": 11.2523722033933,
      "rank_by_tvl": 3
    }
  ],
  "top4_10_share_pct": 39.94895903750378,
  "near_top10_focus": {
    "name": "WisdomTree",
    "slug": "wisdomtree",
    "rank_by_tvl": 11,
    "tvl_usd": 921281986.4179515,
    "gap_to_top10_usd": 55171828.342048526,
    "gap_to_top10_pct": 5.650224056486385,
    "previous_rank": 11,
    "rank_change": 0
  },
  "biggest_asset_gainer": {
    "name": "OpenEden TBILL",
    "slug": "openeden-tbill",
    "tvl_usd": 168668305.51564357,
    "change_1d_usd": 100240577.07491554,
    "change_1d_pct": 146.49116572931945,
    "rank_by_tvl": 19,
    "previous_rank": 36,
    "rank_change": 17,
    "analytics_category": "Treasury"
  },
  "category_leader_24h": {
    "category": "Commodities",
    "change_1d_usd": 116043094.902565,
    "change_1d_pct": 2.167017848864927
  },
  "top3_concentration": 34.60371834197111,
  "top10_concentration": 74.5526773794749,
  "top3_assets": [
    "Tether Gold",
    "Circle USYC",
    "BlackRock BUIDL"
  ],
  "largest_capital_increase_category": "Commodities",
  "largest_capital_increase_usd": 116043094.902565,
  "strongest_category_growth": "Commodities",
  "strongest_category_growth_pct": 2.167017848864927,
  "largest_asset_tvl_increase": "OpenEden TBILL",
  "largest_asset_tvl_increase_usd": 100240577.07491554,
  "largest_asset_tvl_decline": "MatrixDock STBT",
  "largest_asset_tvl_decline_usd": -62504034.042473085,
  "new_entrants": 0,
  "new_top10_entrants": 0,
  "market_regime": "Contraction with moderate concentration."
}