{
  "total_rwa_tvl": 27235213614.610462,
  "top500_rwa_tvl": 27235213614.610462,
  "top500_change_1d_usd": -88936414.31978989,
  "top500_change_1d_pct": -0.3254864807345381,
  "top500_change_7d_usd": 447123278.7023659,
  "top500_change_7d_pct": 1.669112180434218,
  "change_1d_usd": -88936414.31978989,
  "change_1d_pct": -0.3254864807345381,
  "change_7d_usd": 447123278.7023659,
  "change_7d_pct": 1.669112180434218,
  "market_breadth": 0.4691358024691358,
  "protocols_tracked": 140,
  "top3_details": [
    {
      "slug": "tether-gold",
      "name": "Tether Gold",
      "tvl_usd": 3382268517.023136,
      "share_pct": 12.41873320651578,
      "rank_by_tvl": 1
    },
    {
      "slug": "blackrock-buidl",
      "name": "BlackRock BUIDL",
      "tvl_usd": 3034154127.410449,
      "share_pct": 11.14055564367875,
      "rank_by_tvl": 2
    },
    {
      "slug": "circle-usyc",
      "name": "Circle USYC",
      "tvl_usd": 2904352028.742416,
      "share_pct": 10.663959056243137,
      "rank_by_tvl": 3
    }
  ],
  "top4_10_share_pct": 42.338805338225164,
  "near_top10_focus": {
    "name": "Ondo Global Markets",
    "slug": "ondo-global-markets",
    "rank_by_tvl": 11,
    "tvl_usd": 805148437.5555214,
    "gap_to_top10_usd": 63597776.40455413,
    "gap_to_top10_pct": 7.320639259496889,
    "previous_rank": 12,
    "rank_change": 1
  },
  "biggest_asset_gainer": {
    "name": "Re",
    "slug": "re",
    "tvl_usd": 317143880.32524943,
    "change_1d_usd": 50942880.60818967,
    "change_1d_pct": 19.136998231537806,
    "rank_by_tvl": 16,
    "previous_rank": 16,
    "rank_change": 0,
    "analytics_category": "Other RWA"
  },
  "category_leader_24h": {
    "category": "Other RWA",
    "change_1d_usd": 61999335.54221296,
    "change_1d_pct": 2.092966290713205
  },
  "top3_concentration": 34.22324790643766,
  "top10_concentration": 76.56205324466283,
  "top3_assets": [
    "Tether Gold",
    "BlackRock BUIDL",
    "Circle USYC"
  ],
  "largest_capital_increase_category": "Other RWA",
  "largest_capital_increase_usd": 61999335.54221296,
  "strongest_category_growth": "Other RWA",
  "strongest_category_growth_pct": 2.092966290713205,
  "largest_asset_tvl_increase": "Re",
  "largest_asset_tvl_increase_usd": 50942880.60818967,
  "largest_asset_tvl_decline": "Superstate USTB",
  "largest_asset_tvl_decline_usd": -87493797.30647731,
  "new_entrants": 0,
  "new_top10_entrants": 0,
  "market_regime": "Expansion with moderate concentration."
}