{
  "total_rwa_tvl": 26032677364.023495,
  "top500_rwa_tvl": 26032677364.023495,
  "top500_change_1d_usd": 7244387.301933289,
  "top500_change_1d_pct": 0.027835799344488876,
  "top500_change_7d_usd": 11924076.438423157,
  "top500_change_7d_pct": 0.045825254582898545,
  "change_1d_usd": 7244387.301931675,
  "change_1d_pct": 0.027835799344477434,
  "change_7d_usd": 11924076.438422708,
  "change_7d_pct": 0.04582525458289435,
  "market_breadth": 0.4125,
  "protocols_tracked": 149,
  "top3_details": [
    {
      "slug": "circle-usyc",
      "name": "Circle USYC",
      "tvl_usd": 3071600595.4369097,
      "share_pct": 11.799019180723166,
      "rank_by_tvl": 1
    },
    {
      "slug": "blackrock-buidl",
      "name": "BlackRock BUIDL",
      "tvl_usd": 3027264890.4804487,
      "share_pct": 11.628711285240497,
      "rank_by_tvl": 2
    },
    {
      "slug": "tether-gold",
      "name": "Tether Gold",
      "tvl_usd": 2969975638.6342444,
      "share_pct": 11.408644593501075,
      "rank_by_tvl": 3
    }
  ],
  "top4_10_share_pct": 39.23146015120207,
  "near_top10_focus": {
    "name": "Anemoy Capital",
    "slug": "anemoy-capital",
    "rank_by_tvl": 11,
    "tvl_usd": 868403360.3649781,
    "gap_to_top10_usd": 48129572.67289519,
    "gap_to_top10_pct": 5.251264950553213,
    "previous_rank": 11,
    "rank_change": 0
  },
  "biggest_asset_gainer": {
    "name": "Tether Gold",
    "slug": "tether-gold",
    "tvl_usd": 2969975638.6342444,
    "change_1d_usd": 12381556.061513424,
    "change_1d_pct": 0.4186360844603554,
    "rank_by_tvl": 3,
    "previous_rank": 3,
    "rank_change": 0,
    "analytics_category": "Commodities"
  },
  "category_leader_24h": {
    "category": "Commodities",
    "change_1d_usd": 20185490.148071844,
    "change_1d_pct": 0.4079157123055715
  },
  "top3_concentration": 34.83637505946474,
  "top10_concentration": 74.06783521066681,
  "top3_assets": [
    "Circle USYC",
    "BlackRock BUIDL",
    "Tether Gold"
  ],
  "largest_capital_increase_category": "Commodities",
  "largest_capital_increase_usd": 20185490.148071844,
  "strongest_category_growth": "Commodities",
  "strongest_category_growth_pct": 0.4079157123055715,
  "largest_asset_tvl_increase": "Tether Gold",
  "largest_asset_tvl_increase_usd": 12381556.061513424,
  "largest_asset_tvl_decline": "Ondo Yield Assets",
  "largest_asset_tvl_decline_usd": -10020808.494757175,
  "new_entrants": 0,
  "new_top10_entrants": 0,
  "market_regime": "Expansion with moderate concentration.",
  "change_1d_usd_raw": 7244387.301933289,
  "change_1d_pct_raw": 0.027835799344488876,
  "change_7d_usd_raw": 11924076.438423157,
  "change_7d_pct_raw": 0.045825254582898545,
  "flow_basis": "adjusted (coverage artifacts excluded)",
  "coverage_flags": []
}