{
  "total_rwa_tvl": 26025432976.72156,
  "top500_rwa_tvl": 26025432976.72156,
  "top500_change_1d_usd": 37532481.28410339,
  "top500_change_1d_pct": 0.14442290669340885,
  "top500_change_7d_usd": 137917929.4119873,
  "top500_change_7d_pct": 0.5327584712551348,
  "change_1d_usd": 37532481.28409944,
  "change_1d_pct": 0.14442290669340063,
  "change_7d_usd": 137917929.4119883,
  "change_7d_pct": 0.5327584712551302,
  "market_breadth": 0.4625,
  "protocols_tracked": 149,
  "top3_details": [
    {
      "slug": "circle-usyc",
      "name": "Circle USYC",
      "tvl_usd": 3071600595.4369097,
      "share_pct": 11.802303532026928,
      "rank_by_tvl": 1
    },
    {
      "slug": "blackrock-buidl",
      "name": "BlackRock BUIDL",
      "tvl_usd": 3027264890.4804487,
      "share_pct": 11.631948229980207,
      "rank_by_tvl": 2
    },
    {
      "slug": "tether-gold",
      "name": "Tether Gold",
      "tvl_usd": 2957594082.572731,
      "share_pct": 11.364245448742965,
      "rank_by_tvl": 3
    }
  ],
  "top4_10_share_pct": 39.268336300819065,
  "near_top10_focus": {
    "name": "Anemoy Capital",
    "slug": "anemoy-capital",
    "rank_by_tvl": 11,
    "tvl_usd": 868577050.1364503,
    "gap_to_top10_usd": 47770451.63318682,
    "gap_to_top10_pct": 5.213137105839565,
    "previous_rank": 11,
    "rank_change": 0
  },
  "biggest_asset_gainer": {
    "name": "GoldFinger",
    "slug": "goldfinger",
    "tvl_usd": 23891681.456751604,
    "change_1d_usd": 23891681.456751604,
    "change_1d_pct": null,
    "rank_by_tvl": 44,
    "previous_rank": 134,
    "rank_change": 90,
    "analytics_category": "Commodities"
  },
  "category_leader_24h": {
    "category": "Commodities",
    "change_1d_usd": 25265168.27339533,
    "change_1d_pct": 0.5131878632283557
  },
  "top3_concentration": 34.7984972107501,
  "top10_concentration": 74.06683351156916,
  "top3_assets": [
    "Circle USYC",
    "BlackRock BUIDL",
    "Tether Gold"
  ],
  "largest_capital_increase_category": "Commodities",
  "largest_capital_increase_usd": 25265168.27339533,
  "strongest_category_growth": "Commodities",
  "strongest_category_growth_pct": 0.5131878632283557,
  "largest_asset_tvl_increase": "GoldFinger",
  "largest_asset_tvl_increase_usd": 23891681.456751604,
  "largest_asset_tvl_decline": "Ondo Yield Assets",
  "largest_asset_tvl_decline_usd": -10119671.216446877,
  "new_entrants": 2,
  "new_top10_entrants": 0,
  "market_regime": "Expansion with moderate concentration.",
  "change_1d_usd_raw": 37532481.28410339,
  "change_1d_pct_raw": 0.14442290669340885,
  "change_7d_usd_raw": 137917929.4119873,
  "change_7d_pct_raw": 0.5327584712551348,
  "flow_basis": "adjusted (coverage artifacts excluded)",
  "coverage_flags": []
}