{
  "total_rwa_tvl": 26820928178.570843,
  "top500_rwa_tvl": 26820928178.570843,
  "top500_change_1d_usd": 142186459.64021683,
  "top500_change_1d_pct": 0.5329578926105194,
  "top500_change_7d_usd": 461533594.86600876,
  "top500_change_7d_pct": 1.750926385658813,
  "change_1d_usd": 142186459.64021683,
  "change_1d_pct": 0.5329578926105194,
  "change_7d_usd": 461533594.86600876,
  "change_7d_pct": 1.750926385658813,
  "market_breadth": 0.5609756097560976,
  "protocols_tracked": 143,
  "top3_details": [
    {
      "slug": "tether-gold",
      "name": "Tether Gold",
      "tvl_usd": 3355088533.357056,
      "share_pct": 12.509218588630636,
      "rank_by_tvl": 1
    },
    {
      "slug": "circle-usyc",
      "name": "Circle USYC",
      "tvl_usd": 2981197060.842658,
      "share_pct": 11.115189754038973,
      "rank_by_tvl": 2
    },
    {
      "slug": "blackrock-buidl",
      "name": "BlackRock BUIDL",
      "tvl_usd": 2945621753.970449,
      "share_pct": 10.98254965062662,
      "rank_by_tvl": 3
    }
  ],
  "top4_10_share_pct": 40.352269880400165,
  "near_top10_focus": {
    "name": "Blockchain Capital",
    "slug": "blockchain-capital",
    "rank_by_tvl": 11,
    "tvl_usd": 964699191.57,
    "gap_to_top10_usd": 17819181.280983925,
    "gap_to_top10_pct": 1.8136232128950238,
    "previous_rank": 11,
    "rank_change": 0
  },
  "biggest_asset_gainer": {
    "name": "Ethena USDtb",
    "slug": "ethena-usdtb",
    "tvl_usd": 626970256.58906,
    "change_1d_usd": 95689289.32000959,
    "change_1d_pct": 18.01105163090677,
    "rank_by_tvl": 13,
    "previous_rank": 13,
    "rank_change": 0,
    "analytics_category": "Stablecoins"
  },
  "category_leader_24h": {
    "category": "Stablecoins",
    "change_1d_usd": 95699560.72938538,
    "change_1d_pct": 2.6496269766058456
  },
  "top3_concentration": 34.606957993296234,
  "top10_concentration": 74.95922787369639,
  "top3_assets": [
    "Tether Gold",
    "Circle USYC",
    "BlackRock BUIDL"
  ],
  "largest_capital_increase_category": "Stablecoins",
  "largest_capital_increase_usd": 95699560.72938538,
  "strongest_category_growth": "Stablecoins",
  "strongest_category_growth_pct": 2.6496269766058456,
  "largest_asset_tvl_increase": "Ethena USDtb",
  "largest_asset_tvl_increase_usd": 95689289.32000959,
  "largest_asset_tvl_decline": "DigiFT",
  "largest_asset_tvl_decline_usd": -50439861.40354693,
  "new_entrants": 2,
  "new_top10_entrants": 0,
  "market_regime": "Expansion with moderate concentration."
}