{
  "total_rwa_tvl": 26085135462.94738,
  "top500_rwa_tvl": 26085135462.94738,
  "top500_change_1d_usd": 64382175.3623085,
  "top500_change_1d_pct": 0.24742625492331083,
  "top500_change_7d_usd": 338596310.268734,
  "top500_change_7d_pct": 1.3151138809796459,
  "change_1d_usd": 64382175.36230942,
  "change_1d_pct": 0.24742625492332387,
  "change_7d_usd": 338596310.2687324,
  "change_7d_pct": 1.3151138809796312,
  "market_breadth": 0.5625,
  "protocols_tracked": 149,
  "top3_details": [
    {
      "slug": "tether-gold",
      "name": "Tether Gold",
      "tvl_usd": 3074591372.3127437,
      "share_pct": 11.786756394959289,
      "rank_by_tvl": 1
    },
    {
      "slug": "circle-usyc",
      "name": "Circle USYC",
      "tvl_usd": 3068826647.2379103,
      "share_pct": 11.76465673945617,
      "rank_by_tvl": 2
    },
    {
      "slug": "blackrock-buidl",
      "name": "BlackRock BUIDL",
      "tvl_usd": 3026588608.0904484,
      "share_pct": 11.6027329526027,
      "rank_by_tvl": 3
    }
  ],
  "top4_10_share_pct": 39.55731378504781,
  "near_top10_focus": {
    "name": "Anemoy Capital",
    "slug": "anemoy-capital",
    "rank_by_tvl": 11,
    "tvl_usd": 867206042.6444418,
    "gap_to_top10_usd": 48812154.81851721,
    "gap_to_top10_pct": 5.328732000489654,
    "previous_rank": 11,
    "rank_change": 0
  },
  "biggest_asset_gainer": {
    "name": "Circle USYC",
    "slug": "circle-usyc",
    "tvl_usd": 3068826647.2379103,
    "change_1d_usd": 56857662.95859957,
    "change_1d_pct": 1.8877240521188332,
    "rank_by_tvl": 2,
    "previous_rank": 3,
    "rank_change": 1,
    "analytics_category": "Stablecoins"
  },
  "category_leader_24h": {
    "category": "Stablecoins",
    "change_1d_usd": 57081067.99209882,
    "change_1d_pct": 1.418919557730261
  },
  "top3_concentration": 35.154146087018155,
  "top10_concentration": 74.71145987206597,
  "top3_assets": [
    "Tether Gold",
    "Circle USYC",
    "BlackRock BUIDL"
  ],
  "largest_capital_increase_category": "Stablecoins",
  "largest_capital_increase_usd": 57081067.99209882,
  "strongest_category_growth": "Private Credit",
  "strongest_category_growth_pct": 1.5195043430154613,
  "largest_asset_tvl_increase": "Circle USYC",
  "largest_asset_tvl_increase_usd": 56857662.95859957,
  "largest_asset_tvl_decline": "Ondo Global Markets",
  "largest_asset_tvl_decline_usd": -25451798.771015406,
  "new_entrants": 1,
  "new_top10_entrants": 0,
  "market_regime": "Expansion with moderate concentration.",
  "change_1d_usd_raw": 64382175.3623085,
  "change_1d_pct_raw": 0.24742625492331083,
  "change_7d_usd_raw": 338596310.268734,
  "change_7d_pct_raw": 1.3151138809796459,
  "flow_basis": "adjusted (coverage artifacts excluded)",
  "coverage_flags": []
}