{
  "total_rwa_tvl": 26929103716.78429,
  "top500_rwa_tvl": 26929103716.78429,
  "top500_change_1d_usd": 25054821.281288147,
  "top500_change_1d_pct": 0.09312658246571903,
  "top500_change_7d_usd": -261894808.3852005,
  "top500_change_7d_pct": -0.9631673075292779,
  "change_1d_usd": 25054821.281288147,
  "change_1d_pct": 0.09312658246571903,
  "change_7d_usd": -261894808.3852005,
  "change_7d_pct": -0.9631673075292779,
  "market_breadth": 0.5185185185185185,
  "protocols_tracked": 145,
  "top3_details": [
    {
      "slug": "tether-gold",
      "name": "Tether Gold",
      "tvl_usd": 3245354326.6320114,
      "share_pct": 12.051475462249627,
      "rank_by_tvl": 1
    },
    {
      "slug": "blackrock-buidl",
      "name": "BlackRock BUIDL",
      "tvl_usd": 3054831568.7104487,
      "share_pct": 11.343977879243127,
      "rank_by_tvl": 2
    },
    {
      "slug": "circle-usyc",
      "name": "Circle USYC",
      "tvl_usd": 2985476933.2019,
      "share_pct": 11.086432599467175,
      "rank_by_tvl": 3
    }
  ],
  "top4_10_share_pct": 39.54564477343463,
  "near_top10_focus": {
    "name": "WisdomTree",
    "slug": "wisdomtree",
    "rank_by_tvl": 11,
    "tvl_usd": 961893554.1160432,
    "gap_to_top10_usd": 1621063.0239567757,
    "gap_to_top10_pct": 0.16824477751760283,
    "previous_rank": 11,
    "rank_change": 0
  },
  "biggest_asset_gainer": {
    "name": "Tether Gold",
    "slug": "tether-gold",
    "tvl_usd": 3245354326.6320114,
    "change_1d_usd": 25762510.6583066,
    "change_1d_pct": 0.8001794056777145,
    "rank_by_tvl": 1,
    "previous_rank": 1,
    "rank_change": 0,
    "analytics_category": "Commodities"
  },
  "category_leader_24h": {
    "category": "Commodities",
    "change_1d_usd": 35985278.85636139,
    "change_1d_pct": 0.6507624179773019
  },
  "top3_concentration": 34.481885940959934,
  "top10_concentration": 74.02753071439456,
  "top3_assets": [
    "Tether Gold",
    "BlackRock BUIDL",
    "Circle USYC"
  ],
  "largest_capital_increase_category": "Commodities",
  "largest_capital_increase_usd": 35985278.85636139,
  "strongest_category_growth": "Commodities",
  "strongest_category_growth_pct": 0.6507624179773019,
  "largest_asset_tvl_increase": "Tether Gold",
  "largest_asset_tvl_increase_usd": 25762510.6583066,
  "largest_asset_tvl_decline": "Ondo Yield Assets",
  "largest_asset_tvl_decline_usd": -9538873.570841312,
  "new_entrants": 0,
  "new_top10_entrants": 0,
  "market_regime": "Contraction with moderate concentration."
}