{
  "total_rwa_tvl": 26944929848.464878,
  "top500_rwa_tvl": 26944929848.464878,
  "top500_change_1d_usd": -45896055.68815994,
  "top500_change_1d_pct": -0.1700431689313331,
  "top500_change_7d_usd": 93183395.04310608,
  "top500_change_7d_pct": 0.3470291781755952,
  "change_1d_usd": -45896055.68815994,
  "change_1d_pct": -0.1700431689313331,
  "change_7d_usd": 93183395.04310608,
  "change_7d_pct": 0.3470291781755952,
  "market_breadth": 0.42857142857142855,
  "protocols_tracked": 145,
  "top3_details": [
    {
      "slug": "tether-gold",
      "name": "Tether Gold",
      "tvl_usd": 3219615848.2856345,
      "share_pct": 11.948874487305686,
      "rank_by_tvl": 1
    },
    {
      "slug": "blackrock-buidl",
      "name": "BlackRock BUIDL",
      "tvl_usd": 3075848630.3004484,
      "share_pct": 11.415315042936315,
      "rank_by_tvl": 2
    },
    {
      "slug": "circle-usyc",
      "name": "Circle USYC",
      "tvl_usd": 2985200037.9200783,
      "share_pct": 11.078893338036108,
      "rank_by_tvl": 3
    }
  ],
  "top4_10_share_pct": 39.45877197377604,
  "near_top10_focus": {
    "name": "Blockchain Capital",
    "slug": "blockchain-capital",
    "rank_by_tvl": 11,
    "tvl_usd": 963514617.14,
    "gap_to_top10_usd": 333821.2663807869,
    "gap_to_top10_pct": 0.03463420731715085,
    "previous_rank": 11,
    "rank_change": 0
  },
  "biggest_asset_gainer": {
    "name": "Hastra",
    "slug": "hastra",
    "tvl_usd": 360542944.75639045,
    "change_1d_usd": 19538020.91962272,
    "change_1d_pct": 5.729542171940949,
    "rank_by_tvl": 15,
    "previous_rank": 15,
    "rank_change": 0,
    "analytics_category": "Other RWA"
  },
  "category_leader_24h": {
    "category": "Other RWA",
    "change_1d_usd": 39763000.82058525,
    "change_1d_pct": 1.2831093239278335
  },
  "top3_concentration": 34.44308286827811,
  "top10_concentration": 73.90185484205415,
  "top3_assets": [
    "Tether Gold",
    "BlackRock BUIDL",
    "Circle USYC"
  ],
  "largest_capital_increase_category": "Other RWA",
  "largest_capital_increase_usd": 39763000.82058525,
  "strongest_category_growth": "Other RWA",
  "strongest_category_growth_pct": 1.2831093239278335,
  "largest_asset_tvl_increase": "Hastra",
  "largest_asset_tvl_increase_usd": 19538020.91962272,
  "largest_asset_tvl_decline": "Anemoy Capital",
  "largest_asset_tvl_decline_usd": -24820017.54966402,
  "new_entrants": 1,
  "new_top10_entrants": 0,
  "market_regime": "Expansion with moderate concentration."
}