{
  "total_rwa_tvl": 27189413025.891064,
  "top500_rwa_tvl": 27189413025.891064,
  "top500_change_1d_usd": -35299059.87176132,
  "top500_change_1d_pct": -0.12965815675318737,
  "top500_change_7d_usd": 371769132.56812286,
  "top500_change_7d_pct": 1.386285588871905,
  "change_1d_usd": -35299059.87176132,
  "change_1d_pct": -0.12965815675318737,
  "change_7d_usd": 371769132.56812286,
  "change_7d_pct": 1.386285588871905,
  "market_breadth": 0.47560975609756095,
  "protocols_tracked": 144,
  "top3_details": [
    {
      "slug": "tether-gold",
      "name": "Tether Gold",
      "tvl_usd": 3233055892.3023953,
      "share_pct": 11.890863143031902,
      "rank_by_tvl": 1
    },
    {
      "slug": "blackrock-buidl",
      "name": "BlackRock BUIDL",
      "tvl_usd": 3225558400.640449,
      "share_pct": 11.863288102501212,
      "rank_by_tvl": 2
    },
    {
      "slug": "circle-usyc",
      "name": "Circle USYC",
      "tvl_usd": 2974735588.695568,
      "share_pct": 10.940786348947224,
      "rank_by_tvl": 3
    }
  ],
  "top4_10_share_pct": 39.59245917886152,
  "near_top10_focus": {
    "name": "Blockchain Capital",
    "slug": "blockchain-capital",
    "rank_by_tvl": 11,
    "tvl_usd": 964699191.57,
    "gap_to_top10_usd": 53326875.7044487,
    "gap_to_top10_pct": 5.238262301791567,
    "previous_rank": 11,
    "rank_change": 0
  },
  "biggest_asset_gainer": {
    "name": "Re",
    "slug": "re",
    "tvl_usd": 267388154.30159828,
    "change_1d_usd": 2152559.4546108544,
    "change_1d_pct": 0.8115650751373105,
    "rank_by_tvl": 16,
    "previous_rank": 16,
    "rank_change": 0,
    "analytics_category": "Other RWA"
  },
  "category_leader_24h": {
    "category": "Real Estate",
    "change_1d_usd": -3721.351796925068,
    "change_1d_pct": -0.002139803410849961
  },
  "top3_concentration": 34.694937594480336,
  "top10_concentration": 74.28739677334185,
  "top3_assets": [
    "Tether Gold",
    "BlackRock BUIDL",
    "Circle USYC"
  ],
  "largest_capital_increase_category": "Real Estate",
  "largest_capital_increase_usd": -3721.351796925068,
  "strongest_category_growth": "Real Estate",
  "strongest_category_growth_pct": -0.002139803410849961,
  "largest_asset_tvl_increase": "Re",
  "largest_asset_tvl_increase_usd": 2152559.4546108544,
  "largest_asset_tvl_decline": "Ondo Yield Assets",
  "largest_asset_tvl_decline_usd": -9704322.231217384,
  "new_entrants": 0,
  "new_top10_entrants": 0,
  "market_regime": "Expansion with moderate concentration."
}