{
  "total_rwa_tvl": 25890779745.582718,
  "top500_rwa_tvl": 25890779745.582718,
  "top500_change_1d_usd": 44260105.27320862,
  "top500_change_1d_pct": 0.17124203138043637,
  "top500_change_7d_usd": 346232963.5967407,
  "top500_change_7d_pct": 1.355408520463186,
  "change_1d_usd": 44260105.27320623,
  "change_1d_pct": 0.17124203138042385,
  "change_7d_usd": 346232963.5967401,
  "change_7d_pct": 1.3554085204631767,
  "market_breadth": 0.4625,
  "protocols_tracked": 149,
  "top3_details": [
    {
      "slug": "blackrock-buidl",
      "name": "BlackRock BUIDL",
      "tvl_usd": 3025912949.020449,
      "share_pct": 11.687222164626798,
      "rank_by_tvl": 1
    },
    {
      "slug": "circle-usyc",
      "name": "Circle USYC",
      "tvl_usd": 3011968984.27931,
      "share_pct": 11.633365290178983,
      "rank_by_tvl": 2
    },
    {
      "slug": "tether-gold",
      "name": "Tether Gold",
      "tvl_usd": 2995998083.078719,
      "share_pct": 11.571679619227664,
      "rank_by_tvl": 3
    }
  ],
  "top4_10_share_pct": 39.7970284897189,
  "near_top10_focus": {
    "name": "Anemoy Capital",
    "slug": "anemoy-capital",
    "rank_by_tvl": 11,
    "tvl_usd": 865901707.5527347,
    "gap_to_top10_usd": 50080454.745461345,
    "gap_to_top10_pct": 5.467405022365245,
    "previous_rank": 11,
    "rank_change": 0
  },
  "biggest_asset_gainer": {
    "name": "Invesco USTB",
    "slug": "invesco-ustb",
    "tvl_usd": 753933591.4922659,
    "change_1d_usd": 43765272.56124222,
    "change_1d_pct": 6.162661920362722,
    "rank_by_tvl": 13,
    "previous_rank": 13,
    "rank_change": 0,
    "analytics_category": "Treasury"
  },
  "category_leader_24h": {
    "category": "Treasury",
    "change_1d_usd": 47256558.87607947,
    "change_1d_pct": 0.7588633694753968
  },
  "top3_concentration": 34.89226707403345,
  "top10_concentration": 74.68929556375234,
  "top3_assets": [
    "BlackRock BUIDL",
    "Circle USYC",
    "Tether Gold"
  ],
  "largest_capital_increase_category": "Treasury",
  "largest_capital_increase_usd": 47256558.87607947,
  "strongest_category_growth": "Commodities",
  "strongest_category_growth_pct": 0.8716910875736715,
  "largest_asset_tvl_increase": "Invesco USTB",
  "largest_asset_tvl_increase_usd": 43765272.56124222,
  "largest_asset_tvl_decline": "Ethena USDtb",
  "largest_asset_tvl_decline_usd": -99250038.82713294,
  "new_entrants": 0,
  "new_top10_entrants": 0,
  "market_regime": "Expansion with moderate concentration.",
  "change_1d_usd_raw": 44260105.27320862,
  "change_1d_pct_raw": 0.17124203138043637,
  "change_7d_usd_raw": 346232963.5967407,
  "change_7d_pct_raw": 1.355408520463186,
  "flow_basis": "adjusted (coverage artifacts excluded)",
  "coverage_flags": []
}