{
  "total_rwa_tvl": 25541568364.94819,
  "top500_rwa_tvl": 25541568364.94819,
  "top500_change_1d_usd": -63689262.190387726,
  "top500_change_1d_pct": -0.24873509619713907,
  "top500_change_7d_usd": 1264683552.3317223,
  "top500_change_7d_pct": 5.2094144783950025,
  "change_1d_usd": -63689262.190387726,
  "change_1d_pct": -0.24873509619713907,
  "change_7d_usd": 1264683552.3317223,
  "change_7d_pct": 5.2094144783950025,
  "market_breadth": 0.6341463414634146,
  "protocols_tracked": 140,
  "top3_details": [
    {
      "slug": "tether-gold",
      "name": "Tether Gold",
      "tvl_usd": 3299044275.340119,
      "share_pct": 12.916373138101973,
      "rank_by_tvl": 1
    },
    {
      "slug": "blackrock-buidl",
      "name": "BlackRock BUIDL",
      "tvl_usd": 2833488942.250449,
      "share_pct": 11.093637249539343,
      "rank_by_tvl": 2
    },
    {
      "slug": "ondo-yield-assets",
      "name": "Ondo Yield Assets",
      "tvl_usd": 2787306628.5219903,
      "share_pct": 10.912824884892867,
      "rank_by_tvl": 3
    }
  ],
  "top4_10_share_pct": 42.60664412700791,
  "near_top10_focus": {
    "name": "Superstate USTB",
    "slug": "superstate-ustb",
    "rank_by_tvl": 11,
    "tvl_usd": 840883974.9562082,
    "gap_to_top10_usd": 16333465.54799807,
    "gap_to_top10_pct": 1.905405183822543,
    "previous_rank": 11,
    "rank_change": 0
  },
  "biggest_asset_gainer": {
    "name": "Re",
    "slug": "re",
    "tvl_usd": 185414386.13587695,
    "change_1d_usd": 580893.0361297131,
    "change_1d_pct": 0.31427909865677783,
    "rank_by_tvl": 19,
    "previous_rank": 19,
    "rank_change": 0,
    "analytics_category": "Other RWA"
  },
  "category_leader_24h": {
    "category": "Treasury",
    "change_1d_usd": 512150.68495845795,
    "change_1d_pct": 0.008888190599831702
  },
  "top3_concentration": 34.92283527253418,
  "top10_concentration": 77.52947939954208,
  "top3_assets": [
    "Tether Gold",
    "BlackRock BUIDL",
    "Ondo Yield Assets"
  ],
  "largest_capital_increase_category": "Treasury",
  "largest_capital_increase_usd": 512150.68495845795,
  "strongest_category_growth": "Treasury",
  "strongest_category_growth_pct": 0.008888190599831702,
  "largest_asset_tvl_increase": "Re",
  "largest_asset_tvl_increase_usd": 580893.0361297131,
  "largest_asset_tvl_decline": "xStocks",
  "largest_asset_tvl_decline_usd": -30193152.492604434,
  "new_entrants": 0,
  "new_top10_entrants": 0,
  "market_regime": "Expansion with moderate concentration."
}