{
  "total_rwa_tvl": 26817643893.32294,
  "top500_rwa_tvl": 26817643893.32294,
  "top500_change_1d_usd": 195130178.27947617,
  "top500_change_1d_pct": 0.7329517429047749,
  "top500_change_7d_usd": 611069823.0050278,
  "top500_change_7d_pct": 2.331742490893296,
  "change_1d_usd": 195130178.27947617,
  "change_1d_pct": 0.7329517429047749,
  "change_7d_usd": 611069823.0050278,
  "change_7d_pct": 2.331742490893296,
  "market_breadth": 0.573170731707317,
  "protocols_tracked": 142,
  "top3_details": [
    {
      "slug": "tether-gold",
      "name": "Tether Gold",
      "tvl_usd": 3360883788.305445,
      "share_pct": 12.53236041791963,
      "rank_by_tvl": 1
    },
    {
      "slug": "blackrock-buidl",
      "name": "BlackRock BUIDL",
      "tvl_usd": 2986466199.700449,
      "share_pct": 11.136199032175305,
      "rank_by_tvl": 2
    },
    {
      "slug": "circle-usyc",
      "name": "Circle USYC",
      "tvl_usd": 2983812756.2365804,
      "share_pct": 11.126304637744445,
      "rank_by_tvl": 3
    }
  ],
  "top4_10_share_pct": 40.5423103930406,
  "near_top10_focus": {
    "name": "Ondo Global Markets",
    "slug": "ondo-global-markets",
    "rank_by_tvl": 11,
    "tvl_usd": 944974944.7688214,
    "gap_to_top10_usd": 18813035.70117855,
    "gap_to_top10_pct": 1.9519890351822198,
    "previous_rank": 11,
    "rank_change": 0
  },
  "biggest_asset_gainer": {
    "name": "OpenTrade",
    "slug": "opentrade",
    "tvl_usd": 152189027.35392118,
    "change_1d_usd": 146516374.28036076,
    "change_1d_pct": 2582.8544841435255,
    "rank_by_tvl": 22,
    "previous_rank": 66,
    "rank_change": 44,
    "analytics_category": "Other RWA"
  },
  "category_leader_24h": {
    "category": "Other RWA",
    "change_1d_usd": 189648919.51336575,
    "change_1d_pct": 6.417278113734226
  },
  "top3_concentration": 34.79486408783938,
  "top10_concentration": 75.33717448087998,
  "top3_assets": [
    "Tether Gold",
    "BlackRock BUIDL",
    "Circle USYC"
  ],
  "largest_capital_increase_category": "Other RWA",
  "largest_capital_increase_usd": 189648919.51336575,
  "strongest_category_growth": "Other RWA",
  "strongest_category_growth_pct": 6.417278113734226,
  "largest_asset_tvl_increase": "OpenTrade",
  "largest_asset_tvl_increase_usd": 146516374.28036076,
  "largest_asset_tvl_decline": "Ondo Yield Assets",
  "largest_asset_tvl_decline_usd": -6479386.875807285,
  "new_entrants": 1,
  "new_top10_entrants": 0,
  "market_regime": "Expansion with moderate concentration."
}