{
  "total_rwa_tvl": 26539554155.41125,
  "top500_rwa_tvl": 26539554155.41125,
  "top500_change_1d_usd": -8658822.92086792,
  "top500_change_1d_pct": -0.03261546427978379,
  "top500_change_7d_usd": -389549561.37303925,
  "top500_change_7d_pct": -1.446574551719082,
  "change_1d_usd": -8658822.92086792,
  "change_1d_pct": -0.03261546427978379,
  "change_7d_usd": -389549561.37303925,
  "change_7d_pct": -1.446574551719082,
  "market_breadth": 0.36585365853658536,
  "protocols_tracked": 148,
  "top3_details": [
    {
      "slug": "tether-gold",
      "name": "Tether Gold",
      "tvl_usd": 3209078370.386757,
      "share_pct": 12.091681539165743,
      "rank_by_tvl": 1
    },
    {
      "slug": "blackrock-buidl",
      "name": "BlackRock BUIDL",
      "tvl_usd": 2981347320.590449,
      "share_pct": 11.2335998680768,
      "rank_by_tvl": 2
    },
    {
      "slug": "circle-usyc",
      "name": "Circle USYC",
      "tvl_usd": 2960167480.277544,
      "share_pct": 11.153795059793739,
      "rank_by_tvl": 3
    }
  ],
  "top4_10_share_pct": 39.927200048943526,
  "near_top10_focus": {
    "name": "WisdomTree",
    "slug": "wisdomtree",
    "rank_by_tvl": 11,
    "tvl_usd": 921297792.8028759,
    "gap_to_top10_usd": 55156021.957124114,
    "gap_to_top10_pct": 5.64860530251303,
    "previous_rank": 11,
    "rank_change": 0
  },
  "biggest_asset_gainer": {
    "name": "Ondo Global Markets",
    "slug": "ondo-global-markets",
    "tvl_usd": 1205258241.7869098,
    "change_1d_usd": 8127271.349614859,
    "change_1d_pct": 0.6788957557957165,
    "rank_by_tvl": 7,
    "previous_rank": 8,
    "rank_change": 1,
    "analytics_category": "Treasury"
  },
  "category_leader_24h": {
    "category": "Other RWA",
    "change_1d_usd": 7240057.533504486,
    "change_1d_pct": 0.23274600645470933
  },
  "top3_concentration": 34.47907646703628,
  "top10_concentration": 74.40627651597981,
  "top3_assets": [
    "Tether Gold",
    "BlackRock BUIDL",
    "Circle USYC"
  ],
  "largest_capital_increase_category": "Other RWA",
  "largest_capital_increase_usd": 7240057.533504486,
  "strongest_category_growth": "Other RWA",
  "strongest_category_growth_pct": 0.23274600645470933,
  "largest_asset_tvl_increase": "Ondo Global Markets",
  "largest_asset_tvl_increase_usd": 8127271.349614859,
  "largest_asset_tvl_decline": "Ondo Yield Assets",
  "largest_asset_tvl_decline_usd": -8815015.811275959,
  "new_entrants": 0,
  "new_top10_entrants": 0,
  "market_regime": "Contraction with moderate concentration."
}