{
  "total_rwa_tvl": 25890313769.10225,
  "top500_rwa_tvl": 25890313769.10225,
  "top500_change_1d_usd": -94360847.38476181,
  "top500_change_1d_pct": -0.363140384774685,
  "top500_change_7d_usd": -602925215.2201385,
  "top500_change_7d_pct": -2.2757701146957743,
  "change_1d_usd": -94360847.38476181,
  "change_1d_pct": -0.363140384774685,
  "change_7d_usd": -602925215.2201385,
  "change_7d_pct": -2.2757701146957743,
  "market_breadth": 0.43209876543209874,
  "protocols_tracked": 149,
  "top3_details": [
    {
      "slug": "tether-gold",
      "name": "Tether Gold",
      "tvl_usd": 3150797970.3286057,
      "share_pct": 12.169794458376932,
      "rank_by_tvl": 1
    },
    {
      "slug": "blackrock-buidl",
      "name": "BlackRock BUIDL",
      "tvl_usd": 2960051987.7704487,
      "share_pct": 11.433047950554402,
      "rank_by_tvl": 2
    },
    {
      "slug": "circle-usyc",
      "name": "Circle USYC",
      "tvl_usd": 2849938482.500434,
      "share_pct": 11.007740222529007,
      "rank_by_tvl": 3
    }
  ],
  "top4_10_share_pct": 40.03432596403437,
  "near_top10_focus": {
    "name": "WisdomTree",
    "slug": "wisdomtree",
    "rank_by_tvl": 11,
    "tvl_usd": 892508985.6811101,
    "gap_to_top10_usd": 83033617.97888982,
    "gap_to_top10_pct": 8.511531702189917,
    "previous_rank": 11,
    "rank_change": 0
  },
  "biggest_asset_gainer": {
    "name": "Ondo Yield Assets",
    "slug": "ondo-yield-assets",
    "tvl_usd": 2675633321.181626,
    "change_1d_usd": 34836827.222661495,
    "change_1d_pct": 1.319178789518749,
    "rank_by_tvl": 4,
    "previous_rank": 4,
    "rank_change": 0,
    "analytics_category": "Funds"
  },
  "category_leader_24h": {
    "category": "Funds",
    "change_1d_usd": 27829515.08577156,
    "change_1d_pct": 0.49308932725984356
  },
  "top3_concentration": 34.61058263146033,
  "top10_concentration": 74.64490859549471,
  "top3_assets": [
    "Tether Gold",
    "BlackRock BUIDL",
    "Circle USYC"
  ],
  "largest_capital_increase_category": "Funds",
  "largest_capital_increase_usd": 27829515.08577156,
  "strongest_category_growth": "Funds",
  "strongest_category_growth_pct": 0.49308932725984356,
  "largest_asset_tvl_increase": "Ondo Yield Assets",
  "largest_asset_tvl_increase_usd": 34836827.222661495,
  "largest_asset_tvl_decline": "Circle USYC",
  "largest_asset_tvl_decline_usd": -50437982.340762615,
  "new_entrants": 0,
  "new_top10_entrants": 0,
  "market_regime": "Contraction with moderate concentration."
}