{
  "total_rwa_tvl": 26614838661.298046,
  "top500_rwa_tvl": 26614838661.298046,
  "top500_change_1d_usd": 233523351.47496414,
  "top500_change_1d_pct": 0.8851846419803522,
  "top500_change_7d_usd": 1046254185.793438,
  "top500_change_7d_pct": 4.091951929508575,
  "change_1d_usd": 233523351.47496414,
  "change_1d_pct": 0.8851846419803522,
  "change_7d_usd": 1046254185.793438,
  "change_7d_pct": 4.091951929508575,
  "market_breadth": 0.7317073170731707,
  "protocols_tracked": 139,
  "top3_details": [
    {
      "slug": "tether-gold",
      "name": "Tether Gold",
      "tvl_usd": 3379641310.2326646,
      "share_pct": 12.698334764460428,
      "rank_by_tvl": 1
    },
    {
      "slug": "blackrock-buidl",
      "name": "BlackRock BUIDL",
      "tvl_usd": 3034123890.360449,
      "share_pct": 11.40012129689337,
      "rank_by_tvl": 2
    },
    {
      "slug": "ondo-yield-assets",
      "name": "Ondo Yield Assets",
      "tvl_usd": 2809109840.320858,
      "share_pct": 10.554675442784944,
      "rank_by_tvl": 3
    }
  ],
  "top4_10_share_pct": 42.05722939910496,
  "near_top10_focus": {
    "name": "Ondo Global Markets",
    "slug": "ondo-global-markets",
    "rank_by_tvl": 11,
    "tvl_usd": 788238863.3658748,
    "gap_to_top10_usd": 77868757.66644347,
    "gap_to_top10_pct": 8.990656100408318,
    "previous_rank": 12,
    "rank_change": 1
  },
  "biggest_asset_gainer": {
    "name": "BlackRock BUIDL",
    "slug": "blackrock-buidl",
    "tvl_usd": 3034123890.360449,
    "change_1d_usd": 50691378.98000002,
    "change_1d_pct": 1.6990958832363567,
    "rank_by_tvl": 2,
    "previous_rank": 2,
    "rank_change": 0,
    "analytics_category": "Treasury"
  },
  "category_leader_24h": {
    "category": "Treasury",
    "change_1d_usd": 114989183.81581974,
    "change_1d_pct": 2.0070060767904963
  },
  "top3_concentration": 34.65313150413874,
  "top10_concentration": 76.7103609032437,
  "top3_assets": [
    "Tether Gold",
    "BlackRock BUIDL",
    "Ondo Yield Assets"
  ],
  "largest_capital_increase_category": "Treasury",
  "largest_capital_increase_usd": 114989183.81581974,
  "strongest_category_growth": "Treasury",
  "strongest_category_growth_pct": 2.0070060767904963,
  "largest_asset_tvl_increase": "BlackRock BUIDL",
  "largest_asset_tvl_increase_usd": 50691378.98000002,
  "largest_asset_tvl_decline": "Ondo Yield Assets",
  "largest_asset_tvl_decline_usd": -7536087.013055325,
  "new_entrants": 0,
  "new_top10_entrants": 0,
  "market_regime": "Expansion with moderate concentration."
}